"Date","Product_Category","Items_Sold"
"2017-01-01","Art & Crafts",81
"2017-01-01","Electronics",204
"2017-01-01","Games",549
"2017-01-01","Sports & Outdoors",269
"2017-01-01","Toys",382
"2017-01-02","Art & Crafts",143
"2017-01-02","Electronics",454
"2017-01-02","Games",260
"2017-01-02","Sports & Outdoors",174
"2017-01-02","Toys",375
"2017-01-03","Art & Crafts",102
"2017-01-03","Electronics",168
"2017-01-03","Games",136
"2017-01-03","Sports & Outdoors",155
"2017-01-03","Toys",189
"2017-01-04","Art & Crafts",135
"2017-01-04","Electronics",271
"2017-01-04","Games",147
"2017-01-04","Sports & Outdoors",169
"2017-01-04","Toys",238
"2017-01-05","Art & Crafts",178
"2017-01-05","Electronics",348
"2017-01-05","Games",318
"2017-01-05","Sports & Outdoors",148
"2017-01-05","Toys",378
"2017-01-06","Art & Crafts",270
"2017-01-06","Electronics",253
"2017-01-06","Games",272
"2017-01-06","Sports & Outdoors",390
"2017-01-06","Toys",561
"2017-01-07","Art & Crafts",227
"2017-01-07","Electronics",342
"2017-01-07","Games",234
"2017-01-07","Sports & Outdoors",183
"2017-01-07","Toys",393
"2017-01-08","Art & Crafts",200
"2017-01-08","Electronics",370
"2017-01-08","Games",596
"2017-01-08","Sports & Outdoors",255
"2017-01-08","Toys",379
"2017-01-09","Art & Crafts",76
"2017-01-09","Electronics",318
"2017-01-09","Games",144
"2017-01-09","Sports & Outdoors",55
"2017-01-09","Toys",240
"2017-01-10","Art & Crafts",71
"2017-01-10","Electronics",289
"2017-01-10","Games",145
"2017-01-10","Sports & Outdoors",88
"2017-01-10","Toys",267
"2017-01-11","Art & Crafts",50
"2017-01-11","Electronics",258
"2017-01-11","Games",208
"2017-01-11","Sports & Outdoors",120
"2017-01-11","Toys",252
"2017-01-12","Art & Crafts",96
"2017-01-12","Electronics",217
"2017-01-12","Games",181
"2017-01-12","Sports & Outdoors",217
"2017-01-12","Toys",211
"2017-01-13","Art & Crafts",173
"2017-01-13","Electronics",348
"2017-01-13","Games",245
"2017-01-13","Sports & Outdoors",137
"2017-01-13","Toys",385
"2017-01-14","Art & Crafts",170
"2017-01-14","Electronics",294
"2017-01-14","Games",358
"2017-01-14","Sports & Outdoors",259
"2017-01-14","Toys",430
"2017-01-15","Art & Crafts",215
"2017-01-15","Electronics",327
"2017-01-15","Games",503
"2017-01-15","Sports & Outdoors",273
"2017-01-15","Toys",496
"2017-01-16","Art & Crafts",96
"2017-01-16","Electronics",267
"2017-01-16","Games",199
"2017-01-16","Sports & Outdoors",78
"2017-01-16","Toys",166
"2017-01-17","Art & Crafts",100
"2017-01-17","Electronics",404
"2017-01-17","Games",115
"2017-01-17","Sports & Outdoors",110
"2017-01-17","Toys",230
"2017-01-18","Art & Crafts",55
"2017-01-18","Electronics",292
"2017-01-18","Games",107
"2017-01-18","Sports & Outdoors",91
"2017-01-18","Toys",277
"2017-01-19","Art & Crafts",74
"2017-01-19","Electronics",217
"2017-01-19","Games",279
"2017-01-19","Sports & Outdoors",59
"2017-01-19","Toys",345
"2017-01-20","Art & Crafts",87
"2017-01-20","Electronics",240
"2017-01-20","Games",257
"2017-01-20","Sports & Outdoors",143
"2017-01-20","Toys",325
"2017-01-21","Art & Crafts",194
"2017-01-21","Electronics",304
"2017-01-21","Games",449
"2017-01-21","Sports & Outdoors",224
"2017-01-21","Toys",687
"2017-01-22","Art & Crafts",126
"2017-01-22","Electronics",296
"2017-01-22","Games",372
"2017-01-22","Sports & Outdoors",257
"2017-01-22","Toys",457
"2017-01-23","Art & Crafts",96
"2017-01-23","Electronics",337
"2017-01-23","Games",210
"2017-01-23","Sports & Outdoors",124
"2017-01-23","Toys",264
"2017-01-24","Art & Crafts",143
"2017-01-24","Electronics",333
"2017-01-24","Games",213
"2017-01-24","Sports & Outdoors",131
"2017-01-24","Toys",188
"2017-01-25","Art & Crafts",155
"2017-01-25","Electronics",194
"2017-01-25","Games",179
"2017-01-25","Sports & Outdoors",69
"2017-01-25","Toys",356
"2017-01-26","Art & Crafts",88
"2017-01-26","Electronics",240
"2017-01-26","Games",147
"2017-01-26","Sports & Outdoors",119
"2017-01-26","Toys",283
"2017-01-27","Art & Crafts",59
"2017-01-27","Electronics",249
"2017-01-27","Games",267
"2017-01-27","Sports & Outdoors",177
"2017-01-27","Toys",333
"2017-01-28","Art & Crafts",272
"2017-01-28","Electronics",470
"2017-01-28","Games",426
"2017-01-28","Sports & Outdoors",253
"2017-01-28","Toys",491
"2017-01-29","Art & Crafts",261
"2017-01-29","Electronics",121
"2017-01-29","Games",687
"2017-01-29","Sports & Outdoors",380
"2017-01-29","Toys",499
"2017-01-30","Art & Crafts",162
"2017-01-30","Electronics",335
"2017-01-30","Games",270
"2017-01-30","Sports & Outdoors",70
"2017-01-30","Toys",393
"2017-01-31","Art & Crafts",127
"2017-01-31","Electronics",178
"2017-01-31","Games",329
"2017-01-31","Sports & Outdoors",135
"2017-01-31","Toys",205
"2017-02-01","Art & Crafts",112
"2017-02-01","Electronics",261
"2017-02-01","Games",162
"2017-02-01","Sports & Outdoors",177
"2017-02-01","Toys",300
"2017-02-02","Art & Crafts",127
"2017-02-02","Electronics",299
"2017-02-02","Games",205
"2017-02-02","Sports & Outdoors",150
"2017-02-02","Toys",480
"2017-02-03","Art & Crafts",324
"2017-02-03","Electronics",208
"2017-02-03","Games",385
"2017-02-03","Sports & Outdoors",133
"2017-02-03","Toys",450
"2017-02-04","Art & Crafts",205
"2017-02-04","Electronics",289
"2017-02-04","Games",344
"2017-02-04","Sports & Outdoors",302
"2017-02-04","Toys",495
"2017-02-05","Art & Crafts",286
"2017-02-05","Electronics",410
"2017-02-05","Games",333
"2017-02-05","Sports & Outdoors",462
"2017-02-05","Toys",695
"2017-02-06","Art & Crafts",129
"2017-02-06","Electronics",248
"2017-02-06","Games",228
"2017-02-06","Sports & Outdoors",124
"2017-02-06","Toys",306
"2017-02-07","Art & Crafts",70
"2017-02-07","Electronics",291
"2017-02-07","Games",107
"2017-02-07","Sports & Outdoors",162
"2017-02-07","Toys",534
"2017-02-08","Art & Crafts",55
"2017-02-08","Electronics",287
"2017-02-08","Games",127
"2017-02-08","Sports & Outdoors",100
"2017-02-08","Toys",331
"2017-02-09","Art & Crafts",96
"2017-02-09","Electronics",298
"2017-02-09","Games",202
"2017-02-09","Sports & Outdoors",98
"2017-02-09","Toys",230
"2017-02-10","Art & Crafts",78
"2017-02-10","Electronics",421
"2017-02-10","Games",170
"2017-02-10","Sports & Outdoors",108
"2017-02-10","Toys",474
"2017-02-11","Art & Crafts",158
"2017-02-11","Electronics",366
"2017-02-11","Games",258
"2017-02-11","Sports & Outdoors",382
"2017-02-11","Toys",514
"2017-02-12","Art & Crafts",262
"2017-02-12","Electronics",271
"2017-02-12","Games",666
"2017-02-12","Sports & Outdoors",381
"2017-02-12","Toys",596
"2017-02-13","Art & Crafts",65
"2017-02-13","Electronics",330
"2017-02-13","Games",193
"2017-02-13","Sports & Outdoors",182
"2017-02-13","Toys",278
"2017-02-14","Art & Crafts",175
"2017-02-14","Electronics",308
"2017-02-14","Games",242
"2017-02-14","Sports & Outdoors",120
"2017-02-14","Toys",240
"2017-02-15","Art & Crafts",92
"2017-02-15","Electronics",279
"2017-02-15","Games",223
"2017-02-15","Sports & Outdoors",136
"2017-02-15","Toys",356
"2017-02-16","Art & Crafts",171
"2017-02-16","Electronics",246
"2017-02-16","Games",257
"2017-02-16","Sports & Outdoors",110
"2017-02-16","Toys",319
"2017-02-17","Art & Crafts",215
"2017-02-17","Electronics",435
"2017-02-17","Games",292
"2017-02-17","Sports & Outdoors",192
"2017-02-17","Toys",264
"2017-02-18","Art & Crafts",272
"2017-02-18","Electronics",221
"2017-02-18","Games",564
"2017-02-18","Sports & Outdoors",237
"2017-02-18","Toys",363
"2017-02-19","Art & Crafts",198
"2017-02-19","Electronics",257
"2017-02-19","Games",362
"2017-02-19","Sports & Outdoors",211
"2017-02-19","Toys",320
"2017-02-20","Art & Crafts",198
"2017-02-20","Electronics",335
"2017-02-20","Games",283
"2017-02-20","Sports & Outdoors",100
"2017-02-20","Toys",197
"2017-02-21","Art & Crafts",112
"2017-02-21","Electronics",294
"2017-02-21","Games",216
"2017-02-21","Sports & Outdoors",135
"2017-02-21","Toys",263
"2017-02-22","Art & Crafts",149
"2017-02-22","Electronics",230
"2017-02-22","Games",250
"2017-02-22","Sports & Outdoors",111
"2017-02-22","Toys",323
"2017-02-23","Art & Crafts",156
"2017-02-23","Electronics",158
"2017-02-23","Games",318
"2017-02-23","Sports & Outdoors",196
"2017-02-23","Toys",299
"2017-02-24","Art & Crafts",267
"2017-02-24","Electronics",214
"2017-02-24","Games",274
"2017-02-24","Sports & Outdoors",304
"2017-02-24","Toys",317
"2017-02-25","Art & Crafts",140
"2017-02-25","Electronics",464
"2017-02-25","Games",284
"2017-02-25","Sports & Outdoors",338
"2017-02-25","Toys",448
"2017-02-26","Art & Crafts",337
"2017-02-26","Electronics",345
"2017-02-26","Games",562
"2017-02-26","Sports & Outdoors",232
"2017-02-26","Toys",398
"2017-02-27","Art & Crafts",163
"2017-02-27","Electronics",376
"2017-02-27","Games",227
"2017-02-27","Sports & Outdoors",157
"2017-02-27","Toys",257
"2017-02-28","Art & Crafts",115
"2017-02-28","Electronics",218
"2017-02-28","Games",164
"2017-02-28","Sports & Outdoors",111
"2017-02-28","Toys",453
"2017-03-01","Art & Crafts",218
"2017-03-01","Electronics",338
"2017-03-01","Games",170
"2017-03-01","Sports & Outdoors",95
"2017-03-01","Toys",223
"2017-03-02","Art & Crafts",185
"2017-03-02","Electronics",428
"2017-03-02","Games",199
"2017-03-02","Sports & Outdoors",85
"2017-03-02","Toys",327
"2017-03-03","Art & Crafts",287
"2017-03-03","Electronics",435
"2017-03-03","Games",241
"2017-03-03","Sports & Outdoors",144
"2017-03-03","Toys",228
"2017-03-04","Art & Crafts",328
"2017-03-04","Electronics",362
"2017-03-04","Games",432
"2017-03-04","Sports & Outdoors",378
"2017-03-04","Toys",546
"2017-03-05","Art & Crafts",265
"2017-03-05","Electronics",359
"2017-03-05","Games",423
"2017-03-05","Sports & Outdoors",326
"2017-03-05","Toys",457
"2017-03-06","Art & Crafts",154
"2017-03-06","Electronics",297
"2017-03-06","Games",143
"2017-03-06","Sports & Outdoors",79
"2017-03-06","Toys",297
"2017-03-07","Art & Crafts",176
"2017-03-07","Electronics",268
"2017-03-07","Games",130
"2017-03-07","Sports & Outdoors",76
"2017-03-07","Toys",127
"2017-03-08","Art & Crafts",137
"2017-03-08","Electronics",331
"2017-03-08","Games",156
"2017-03-08","Sports & Outdoors",83
"2017-03-08","Toys",260
"2017-03-09","Art & Crafts",120
"2017-03-09","Electronics",255
"2017-03-09","Games",117
"2017-03-09","Sports & Outdoors",163
"2017-03-09","Toys",405
"2017-03-10","Art & Crafts",200
"2017-03-10","Electronics",490
"2017-03-10","Games",227
"2017-03-10","Sports & Outdoors",223
"2017-03-10","Toys",326
"2017-03-11","Art & Crafts",212
"2017-03-11","Electronics",157
"2017-03-11","Games",221
"2017-03-11","Sports & Outdoors",201
"2017-03-11","Toys",458
"2017-03-12","Art & Crafts",375
"2017-03-12","Electronics",390
"2017-03-12","Games",560
"2017-03-12","Sports & Outdoors",403
"2017-03-12","Toys",767
"2017-03-13","Art & Crafts",79
"2017-03-13","Electronics",217
"2017-03-13","Games",215
"2017-03-13","Sports & Outdoors",119
"2017-03-13","Toys",284
"2017-03-14","Art & Crafts",210
"2017-03-14","Electronics",142
"2017-03-14","Games",205
"2017-03-14","Sports & Outdoors",78
"2017-03-14","Toys",274
"2017-03-15","Art & Crafts",127
"2017-03-15","Electronics",210
"2017-03-15","Games",179
"2017-03-15","Sports & Outdoors",163
"2017-03-15","Toys",410
"2017-03-16","Art & Crafts",117
"2017-03-16","Electronics",246
"2017-03-16","Games",128
"2017-03-16","Sports & Outdoors",229
"2017-03-16","Toys",541
"2017-03-17","Art & Crafts",259
"2017-03-17","Electronics",269
"2017-03-17","Games",463
"2017-03-17","Sports & Outdoors",163
"2017-03-17","Toys",431
"2017-03-18","Art & Crafts",251
"2017-03-18","Electronics",221
"2017-03-18","Games",539
"2017-03-18","Sports & Outdoors",379
"2017-03-18","Toys",670
"2017-03-19","Art & Crafts",275
"2017-03-19","Electronics",192
"2017-03-19","Games",324
"2017-03-19","Sports & Outdoors",363
"2017-03-19","Toys",600
"2017-03-20","Art & Crafts",194
"2017-03-20","Electronics",214
"2017-03-20","Games",310
"2017-03-20","Sports & Outdoors",320
"2017-03-20","Toys",330
"2017-03-21","Art & Crafts",124
"2017-03-21","Electronics",239
"2017-03-21","Games",145
"2017-03-21","Sports & Outdoors",44
"2017-03-21","Toys",309
"2017-03-22","Art & Crafts",63
"2017-03-22","Electronics",228
"2017-03-22","Games",118
"2017-03-22","Sports & Outdoors",173
"2017-03-22","Toys",214
"2017-03-23","Art & Crafts",171
"2017-03-23","Electronics",314
"2017-03-23","Games",144
"2017-03-23","Sports & Outdoors",106
"2017-03-23","Toys",436
"2017-03-24","Art & Crafts",211
"2017-03-24","Electronics",252
"2017-03-24","Games",319
"2017-03-24","Sports & Outdoors",176
"2017-03-24","Toys",466
"2017-03-25","Art & Crafts",178
"2017-03-25","Electronics",206
"2017-03-25","Games",334
"2017-03-25","Sports & Outdoors",304
"2017-03-25","Toys",359
"2017-03-26","Art & Crafts",275
"2017-03-26","Electronics",151
"2017-03-26","Games",334
"2017-03-26","Sports & Outdoors",371
"2017-03-26","Toys",449
"2017-03-27","Art & Crafts",130
"2017-03-27","Electronics",330
"2017-03-27","Games",173
"2017-03-27","Sports & Outdoors",94
"2017-03-27","Toys",265
"2017-03-28","Art & Crafts",197
"2017-03-28","Electronics",176
"2017-03-28","Games",197
"2017-03-28","Sports & Outdoors",136
"2017-03-28","Toys",222
"2017-03-29","Art & Crafts",184
"2017-03-29","Electronics",268
"2017-03-29","Games",159
"2017-03-29","Sports & Outdoors",122
"2017-03-29","Toys",319
"2017-03-30","Art & Crafts",163
"2017-03-30","Electronics",187
"2017-03-30","Games",179
"2017-03-30","Sports & Outdoors",86
"2017-03-30","Toys",369
"2017-03-31","Art & Crafts",164
"2017-03-31","Electronics",295
"2017-03-31","Games",261
"2017-03-31","Sports & Outdoors",262
"2017-03-31","Toys",427
"2017-04-01","Art & Crafts",334
"2017-04-01","Electronics",211
"2017-04-01","Games",473
"2017-04-01","Sports & Outdoors",310
"2017-04-01","Toys",524
"2017-04-02","Art & Crafts",272
"2017-04-02","Electronics",219
"2017-04-02","Games",289
"2017-04-02","Sports & Outdoors",416
"2017-04-02","Toys",467
"2017-04-03","Art & Crafts",143
"2017-04-03","Electronics",328
"2017-04-03","Games",185
"2017-04-03","Sports & Outdoors",198
"2017-04-03","Toys",408
"2017-04-04","Art & Crafts",94
"2017-04-04","Electronics",369
"2017-04-04","Games",341
"2017-04-04","Sports & Outdoors",174
"2017-04-04","Toys",329
"2017-04-05","Art & Crafts",182
"2017-04-05","Electronics",393
"2017-04-05","Games",328
"2017-04-05","Sports & Outdoors",106
"2017-04-05","Toys",339
"2017-04-06","Art & Crafts",154
"2017-04-06","Electronics",147
"2017-04-06","Games",249
"2017-04-06","Sports & Outdoors",100
"2017-04-06","Toys",221
"2017-04-07","Art & Crafts",333
"2017-04-07","Electronics",233
"2017-04-07","Games",339
"2017-04-07","Sports & Outdoors",340
"2017-04-07","Toys",452
"2017-04-08","Art & Crafts",314
"2017-04-08","Electronics",314
"2017-04-08","Games",466
"2017-04-08","Sports & Outdoors",418
"2017-04-08","Toys",521
"2017-04-09","Art & Crafts",297
"2017-04-09","Electronics",308
"2017-04-09","Games",408
"2017-04-09","Sports & Outdoors",296
"2017-04-09","Toys",437
"2017-04-10","Art & Crafts",153
"2017-04-10","Electronics",335
"2017-04-10","Games",411
"2017-04-10","Sports & Outdoors",182
"2017-04-10","Toys",516
"2017-04-11","Art & Crafts",120
"2017-04-11","Electronics",225
"2017-04-11","Games",237
"2017-04-11","Sports & Outdoors",346
"2017-04-11","Toys",310
"2017-04-12","Art & Crafts",227
"2017-04-12","Electronics",275
"2017-04-12","Games",327
"2017-04-12","Sports & Outdoors",356
"2017-04-12","Toys",520
"2017-04-13","Art & Crafts",281
"2017-04-13","Electronics",269
"2017-04-13","Games",501
"2017-04-13","Sports & Outdoors",460
"2017-04-13","Toys",540
"2017-04-14","Art & Crafts",291
"2017-04-14","Electronics",271
"2017-04-14","Games",407
"2017-04-14","Sports & Outdoors",300
"2017-04-14","Toys",740
"2017-04-15","Art & Crafts",249
"2017-04-15","Electronics",195
"2017-04-15","Games",320
"2017-04-15","Sports & Outdoors",422
"2017-04-15","Toys",453
"2017-04-16","Art & Crafts",339
"2017-04-16","Electronics",185
"2017-04-16","Games",266
"2017-04-16","Sports & Outdoors",179
"2017-04-16","Toys",486
"2017-04-17","Art & Crafts",196
"2017-04-17","Electronics",336
"2017-04-17","Games",218
"2017-04-17","Sports & Outdoors",265
"2017-04-17","Toys",364
"2017-04-18","Art & Crafts",144
"2017-04-18","Electronics",182
"2017-04-18","Games",185
"2017-04-18","Sports & Outdoors",212
"2017-04-18","Toys",240
"2017-04-19","Art & Crafts",150
"2017-04-19","Electronics",290
"2017-04-19","Games",121
"2017-04-19","Sports & Outdoors",169
"2017-04-19","Toys",348
"2017-04-20","Art & Crafts",183
"2017-04-20","Electronics",87
"2017-04-20","Games",129
"2017-04-20","Sports & Outdoors",151
"2017-04-20","Toys",445
"2017-04-21","Art & Crafts",306
"2017-04-21","Electronics",178
"2017-04-21","Games",273
"2017-04-21","Sports & Outdoors",387
"2017-04-21","Toys",442
"2017-04-22","Art & Crafts",221
"2017-04-22","Electronics",354
"2017-04-22","Games",293
"2017-04-22","Sports & Outdoors",363
"2017-04-22","Toys",720
"2017-04-23","Art & Crafts",279
"2017-04-23","Electronics",414
"2017-04-23","Games",418
"2017-04-23","Sports & Outdoors",298
"2017-04-23","Toys",466
"2017-04-24","Art & Crafts",261
"2017-04-24","Electronics",315
"2017-04-24","Games",97
"2017-04-24","Sports & Outdoors",122
"2017-04-24","Toys",488
"2017-04-25","Art & Crafts",114
"2017-04-25","Electronics",248
"2017-04-25","Games",172
"2017-04-25","Sports & Outdoors",110
"2017-04-25","Toys",288
"2017-04-26","Art & Crafts",179
"2017-04-26","Electronics",170
"2017-04-26","Games",190
"2017-04-26","Sports & Outdoors",143
"2017-04-26","Toys",317
"2017-04-27","Art & Crafts",272
"2017-04-27","Electronics",335
"2017-04-27","Games",246
"2017-04-27","Sports & Outdoors",173
"2017-04-27","Toys",376
"2017-04-28","Art & Crafts",283
"2017-04-28","Electronics",302
"2017-04-28","Games",263
"2017-04-28","Sports & Outdoors",268
"2017-04-28","Toys",530
"2017-04-29","Art & Crafts",404
"2017-04-29","Electronics",281
"2017-04-29","Games",237
"2017-04-29","Sports & Outdoors",309
"2017-04-29","Toys",1002
"2017-04-30","Art & Crafts",521
"2017-04-30","Electronics",255
"2017-04-30","Games",702
"2017-04-30","Sports & Outdoors",809
"2017-04-30","Toys",1020
"2017-05-01","Art & Crafts",277
"2017-05-01","Electronics",199
"2017-05-01","Games",462
"2017-05-01","Sports & Outdoors",308
"2017-05-01","Toys",631
"2017-05-02","Art & Crafts",158
"2017-05-02","Electronics",244
"2017-05-02","Games",274
"2017-05-02","Sports & Outdoors",228
"2017-05-02","Toys",424
"2017-05-03","Art & Crafts",136
"2017-05-03","Electronics",212
"2017-05-03","Games",211
"2017-05-03","Sports & Outdoors",251
"2017-05-03","Toys",486
"2017-05-04","Art & Crafts",236
"2017-05-04","Electronics",278
"2017-05-04","Games",246
"2017-05-04","Sports & Outdoors",263
"2017-05-04","Toys",354
"2017-05-05","Art & Crafts",267
"2017-05-05","Electronics",234
"2017-05-05","Games",347
"2017-05-05","Sports & Outdoors",299
"2017-05-05","Toys",445
"2017-05-06","Art & Crafts",424
"2017-05-06","Electronics",204
"2017-05-06","Games",193
"2017-05-06","Sports & Outdoors",535
"2017-05-06","Toys",787
"2017-05-07","Art & Crafts",296
"2017-05-07","Electronics",222
"2017-05-07","Games",501
"2017-05-07","Sports & Outdoors",391
"2017-05-07","Toys",667
"2017-05-08","Art & Crafts",212
"2017-05-08","Electronics",182
"2017-05-08","Games",211
"2017-05-08","Sports & Outdoors",95
"2017-05-08","Toys",287
"2017-05-09","Art & Crafts",180
"2017-05-09","Electronics",136
"2017-05-09","Games",133
"2017-05-09","Sports & Outdoors",141
"2017-05-09","Toys",341
"2017-05-10","Art & Crafts",220
"2017-05-10","Electronics",181
"2017-05-10","Games",229
"2017-05-10","Sports & Outdoors",237
"2017-05-10","Toys",726
"2017-05-11","Art & Crafts",176
"2017-05-11","Electronics",185
"2017-05-11","Games",150
"2017-05-11","Sports & Outdoors",136
"2017-05-11","Toys",386
"2017-05-12","Art & Crafts",192
"2017-05-12","Electronics",290
"2017-05-12","Games",221
"2017-05-12","Sports & Outdoors",438
"2017-05-12","Toys",474
"2017-05-13","Art & Crafts",261
"2017-05-13","Electronics",368
"2017-05-13","Games",269
"2017-05-13","Sports & Outdoors",350
"2017-05-13","Toys",646
"2017-05-14","Art & Crafts",244
"2017-05-14","Electronics",206
"2017-05-14","Games",414
"2017-05-14","Sports & Outdoors",298
"2017-05-14","Toys",838
"2017-05-15","Art & Crafts",300
"2017-05-15","Electronics",339
"2017-05-15","Games",318
"2017-05-15","Sports & Outdoors",182
"2017-05-15","Toys",518
"2017-05-16","Art & Crafts",184
"2017-05-16","Electronics",213
"2017-05-16","Games",209
"2017-05-16","Sports & Outdoors",115
"2017-05-16","Toys",329
"2017-05-17","Art & Crafts",222
"2017-05-17","Electronics",209
"2017-05-17","Games",221
"2017-05-17","Sports & Outdoors",135
"2017-05-17","Toys",421
"2017-05-18","Art & Crafts",169
"2017-05-18","Electronics",252
"2017-05-18","Games",178
"2017-05-18","Sports & Outdoors",180
"2017-05-18","Toys",331
"2017-05-19","Art & Crafts",249
"2017-05-19","Electronics",271
"2017-05-19","Games",273
"2017-05-19","Sports & Outdoors",145
"2017-05-19","Toys",574
"2017-05-20","Art & Crafts",349
"2017-05-20","Electronics",289
"2017-05-20","Games",453
"2017-05-20","Sports & Outdoors",288
"2017-05-20","Toys",759
"2017-05-21","Art & Crafts",227
"2017-05-21","Electronics",245
"2017-05-21","Games",373
"2017-05-21","Sports & Outdoors",353
"2017-05-21","Toys",623
"2017-05-22","Art & Crafts",263
"2017-05-22","Electronics",254
"2017-05-22","Games",217
"2017-05-22","Sports & Outdoors",93
"2017-05-22","Toys",461
"2017-05-23","Art & Crafts",221
"2017-05-23","Electronics",198
"2017-05-23","Games",124
"2017-05-23","Sports & Outdoors",197
"2017-05-23","Toys",335
"2017-05-24","Art & Crafts",165
"2017-05-24","Electronics",233
"2017-05-24","Games",178
"2017-05-24","Sports & Outdoors",160
"2017-05-24","Toys",354
"2017-05-25","Art & Crafts",346
"2017-05-25","Electronics",156
"2017-05-25","Games",277
"2017-05-25","Sports & Outdoors",219
"2017-05-25","Toys",568
"2017-05-26","Art & Crafts",358
"2017-05-26","Electronics",242
"2017-05-26","Games",172
"2017-05-26","Sports & Outdoors",311
"2017-05-26","Toys",335
"2017-05-27","Art & Crafts",399
"2017-05-27","Electronics",239
"2017-05-27","Games",447
"2017-05-27","Sports & Outdoors",258
"2017-05-27","Toys",813
"2017-05-28","Art & Crafts",257
"2017-05-28","Electronics",213
"2017-05-28","Games",349
"2017-05-28","Sports & Outdoors",310
"2017-05-28","Toys",937
"2017-05-29","Art & Crafts",225
"2017-05-29","Electronics",323
"2017-05-29","Games",200
"2017-05-29","Sports & Outdoors",136
"2017-05-29","Toys",380
"2017-05-30","Art & Crafts",231
"2017-05-30","Electronics",218
"2017-05-30","Games",111
"2017-05-30","Sports & Outdoors",181
"2017-05-30","Toys",322
"2017-05-31","Art & Crafts",269
"2017-05-31","Electronics",461
"2017-05-31","Games",178
"2017-05-31","Sports & Outdoors",184
"2017-05-31","Toys",593
"2017-06-01","Art & Crafts",206
"2017-06-01","Electronics",357
"2017-06-01","Games",226
"2017-06-01","Sports & Outdoors",151
"2017-06-01","Toys",216
"2017-06-02","Art & Crafts",324
"2017-06-02","Electronics",155
"2017-06-02","Games",399
"2017-06-02","Sports & Outdoors",406
"2017-06-02","Toys",337
"2017-06-03","Art & Crafts",448
"2017-06-03","Electronics",198
"2017-06-03","Games",382
"2017-06-03","Sports & Outdoors",512
"2017-06-03","Toys",593
"2017-06-04","Art & Crafts",201
"2017-06-04","Electronics",287
"2017-06-04","Games",527
"2017-06-04","Sports & Outdoors",690
"2017-06-04","Toys",696
"2017-06-05","Art & Crafts",201
"2017-06-05","Electronics",247
"2017-06-05","Games",225
"2017-06-05","Sports & Outdoors",230
"2017-06-05","Toys",409
"2017-06-06","Art & Crafts",280
"2017-06-06","Electronics",240
"2017-06-06","Games",219
"2017-06-06","Sports & Outdoors",175
"2017-06-06","Toys",244
"2017-06-07","Art & Crafts",158
"2017-06-07","Electronics",195
"2017-06-07","Games",113
"2017-06-07","Sports & Outdoors",124
"2017-06-07","Toys",388
"2017-06-08","Art & Crafts",283
"2017-06-08","Electronics",287
"2017-06-08","Games",160
"2017-06-08","Sports & Outdoors",215
"2017-06-08","Toys",395
"2017-06-09","Art & Crafts",556
"2017-06-09","Electronics",250
"2017-06-09","Games",264
"2017-06-09","Sports & Outdoors",291
"2017-06-09","Toys",413
"2017-06-10","Art & Crafts",369
"2017-06-10","Electronics",168
"2017-06-10","Games",361
"2017-06-10","Sports & Outdoors",532
"2017-06-10","Toys",602
"2017-06-11","Art & Crafts",284
"2017-06-11","Electronics",95
"2017-06-11","Games",425
"2017-06-11","Sports & Outdoors",325
"2017-06-11","Toys",655
"2017-06-12","Art & Crafts",200
"2017-06-12","Electronics",140
"2017-06-12","Games",239
"2017-06-12","Sports & Outdoors",167
"2017-06-12","Toys",333
"2017-06-13","Art & Crafts",118
"2017-06-13","Electronics",249
"2017-06-13","Games",126
"2017-06-13","Sports & Outdoors",226
"2017-06-13","Toys",423
"2017-06-14","Art & Crafts",263
"2017-06-14","Electronics",306
"2017-06-14","Games",287
"2017-06-14","Sports & Outdoors",270
"2017-06-14","Toys",388
"2017-06-15","Art & Crafts",387
"2017-06-15","Electronics",250
"2017-06-15","Games",276
"2017-06-15","Sports & Outdoors",361
"2017-06-15","Toys",490
"2017-06-16","Art & Crafts",277
"2017-06-16","Electronics",207
"2017-06-16","Games",238
"2017-06-16","Sports & Outdoors",276
"2017-06-16","Toys",446
"2017-06-17","Art & Crafts",290
"2017-06-17","Electronics",305
"2017-06-17","Games",471
"2017-06-17","Sports & Outdoors",461
"2017-06-17","Toys",505
"2017-06-18","Art & Crafts",398
"2017-06-18","Electronics",168
"2017-06-18","Games",803
"2017-06-18","Sports & Outdoors",468
"2017-06-18","Toys",671
"2017-06-19","Art & Crafts",317
"2017-06-19","Electronics",259
"2017-06-19","Games",323
"2017-06-19","Sports & Outdoors",312
"2017-06-19","Toys",421
"2017-06-20","Art & Crafts",231
"2017-06-20","Electronics",337
"2017-06-20","Games",203
"2017-06-20","Sports & Outdoors",162
"2017-06-20","Toys",294
"2017-06-21","Art & Crafts",183
"2017-06-21","Electronics",307
"2017-06-21","Games",186
"2017-06-21","Sports & Outdoors",343
"2017-06-21","Toys",220
"2017-06-22","Art & Crafts",147
"2017-06-22","Electronics",255
"2017-06-22","Games",139
"2017-06-22","Sports & Outdoors",392
"2017-06-22","Toys",390
"2017-06-23","Art & Crafts",240
"2017-06-23","Electronics",172
"2017-06-23","Games",423
"2017-06-23","Sports & Outdoors",479
"2017-06-23","Toys",293
"2017-06-24","Art & Crafts",220
"2017-06-24","Electronics",381
"2017-06-24","Games",389
"2017-06-24","Sports & Outdoors",345
"2017-06-24","Toys",488
"2017-06-25","Art & Crafts",317
"2017-06-25","Electronics",192
"2017-06-25","Games",576
"2017-06-25","Sports & Outdoors",492
"2017-06-25","Toys",488
"2017-06-26","Art & Crafts",197
"2017-06-26","Electronics",252
"2017-06-26","Games",175
"2017-06-26","Sports & Outdoors",238
"2017-06-26","Toys",444
"2017-06-27","Art & Crafts",198
"2017-06-27","Electronics",229
"2017-06-27","Games",285
"2017-06-27","Sports & Outdoors",245
"2017-06-27","Toys",331
"2017-06-28","Art & Crafts",180
"2017-06-28","Electronics",135
"2017-06-28","Games",195
"2017-06-28","Sports & Outdoors",383
"2017-06-28","Toys",388
"2017-06-29","Art & Crafts",269
"2017-06-29","Electronics",304
"2017-06-29","Games",349
"2017-06-29","Sports & Outdoors",414
"2017-06-29","Toys",300
"2017-06-30","Art & Crafts",246
"2017-06-30","Electronics",290
"2017-06-30","Games",244
"2017-06-30","Sports & Outdoors",460
"2017-06-30","Toys",339
"2017-07-01","Art & Crafts",538
"2017-07-01","Electronics",140
"2017-07-01","Games",447
"2017-07-01","Sports & Outdoors",326
"2017-07-01","Toys",609
"2017-07-02","Art & Crafts",301
"2017-07-02","Electronics",243
"2017-07-02","Games",466
"2017-07-02","Sports & Outdoors",560
"2017-07-02","Toys",487
"2017-07-03","Art & Crafts",173
"2017-07-03","Electronics",259
"2017-07-03","Games",232
"2017-07-03","Sports & Outdoors",331
"2017-07-03","Toys",330
"2017-07-04","Art & Crafts",120
"2017-07-04","Electronics",290
"2017-07-04","Games",181
"2017-07-04","Sports & Outdoors",282
"2017-07-04","Toys",300
"2017-07-05","Art & Crafts",159
"2017-07-05","Electronics",201
"2017-07-05","Games",207
"2017-07-05","Sports & Outdoors",308
"2017-07-05","Toys",256
"2017-07-06","Art & Crafts",189
"2017-07-06","Electronics",140
"2017-07-06","Games",137
"2017-07-06","Sports & Outdoors",402
"2017-07-06","Toys",173
"2017-07-07","Art & Crafts",255
"2017-07-07","Electronics",341
"2017-07-07","Games",216
"2017-07-07","Sports & Outdoors",233
"2017-07-07","Toys",254
"2017-07-08","Art & Crafts",435
"2017-07-08","Electronics",190
"2017-07-08","Games",339
"2017-07-08","Sports & Outdoors",514
"2017-07-08","Toys",453
"2017-07-09","Art & Crafts",274
"2017-07-09","Electronics",271
"2017-07-09","Games",503
"2017-07-09","Sports & Outdoors",446
"2017-07-09","Toys",372
"2017-07-10","Art & Crafts",178
"2017-07-10","Electronics",166
"2017-07-10","Games",365
"2017-07-10","Sports & Outdoors",253
"2017-07-10","Toys",223
"2017-07-11","Art & Crafts",128
"2017-07-11","Electronics",290
"2017-07-11","Games",159
"2017-07-11","Sports & Outdoors",189
"2017-07-11","Toys",286
"2017-07-12","Art & Crafts",206
"2017-07-12","Electronics",295
"2017-07-12","Games",257
"2017-07-12","Sports & Outdoors",262
"2017-07-12","Toys",173
"2017-07-13","Art & Crafts",301
"2017-07-13","Electronics",268
"2017-07-13","Games",266
"2017-07-13","Sports & Outdoors",387
"2017-07-13","Toys",237
"2017-07-14","Art & Crafts",312
"2017-07-14","Electronics",148
"2017-07-14","Games",332
"2017-07-14","Sports & Outdoors",380
"2017-07-14","Toys",299
"2017-07-15","Art & Crafts",498
"2017-07-15","Electronics",224
"2017-07-15","Games",381
"2017-07-15","Sports & Outdoors",466
"2017-07-15","Toys",495
"2017-07-16","Art & Crafts",292
"2017-07-16","Electronics",292
"2017-07-16","Games",684
"2017-07-16","Sports & Outdoors",502
"2017-07-16","Toys",456
"2017-07-17","Art & Crafts",310
"2017-07-17","Electronics",262
"2017-07-17","Games",355
"2017-07-17","Sports & Outdoors",353
"2017-07-17","Toys",340
"2017-07-18","Art & Crafts",144
"2017-07-18","Electronics",245
"2017-07-18","Games",240
"2017-07-18","Sports & Outdoors",372
"2017-07-18","Toys",213
"2017-07-19","Art & Crafts",273
"2017-07-19","Electronics",186
"2017-07-19","Games",325
"2017-07-19","Sports & Outdoors",325
"2017-07-19","Toys",260
"2017-07-20","Art & Crafts",186
"2017-07-20","Electronics",176
"2017-07-20","Games",175
"2017-07-20","Sports & Outdoors",311
"2017-07-20","Toys",252
"2017-07-21","Art & Crafts",281
"2017-07-21","Electronics",350
"2017-07-21","Games",227
"2017-07-21","Sports & Outdoors",364
"2017-07-21","Toys",225
"2017-07-22","Art & Crafts",296
"2017-07-22","Electronics",158
"2017-07-22","Games",327
"2017-07-22","Sports & Outdoors",567
"2017-07-22","Toys",376
"2017-07-23","Art & Crafts",411
"2017-07-23","Electronics",231
"2017-07-23","Games",441
"2017-07-23","Sports & Outdoors",340
"2017-07-23","Toys",491
"2017-07-24","Art & Crafts",237
"2017-07-24","Electronics",258
"2017-07-24","Games",247
"2017-07-24","Sports & Outdoors",285
"2017-07-24","Toys",209
"2017-07-25","Art & Crafts",171
"2017-07-25","Electronics",267
"2017-07-25","Games",176
"2017-07-25","Sports & Outdoors",235
"2017-07-25","Toys",172
"2017-07-26","Art & Crafts",264
"2017-07-26","Electronics",74
"2017-07-26","Games",265
"2017-07-26","Sports & Outdoors",365
"2017-07-26","Toys",209
"2017-07-27","Art & Crafts",210
"2017-07-27","Electronics",184
"2017-07-27","Games",265
"2017-07-27","Sports & Outdoors",171
"2017-07-27","Toys",221
"2017-07-28","Art & Crafts",526
"2017-07-28","Electronics",226
"2017-07-28","Games",250
"2017-07-28","Sports & Outdoors",445
"2017-07-28","Toys",389
"2017-07-29","Art & Crafts",373
"2017-07-29","Electronics",260
"2017-07-29","Games",394
"2017-07-29","Sports & Outdoors",376
"2017-07-29","Toys",413
"2017-07-30","Art & Crafts",393
"2017-07-30","Electronics",145
"2017-07-30","Games",263
"2017-07-30","Sports & Outdoors",573
"2017-07-30","Toys",335
"2017-07-31","Art & Crafts",216
"2017-07-31","Electronics",431
"2017-07-31","Games",257
"2017-07-31","Sports & Outdoors",218
"2017-07-31","Toys",288
"2017-08-01","Art & Crafts",269
"2017-08-01","Electronics",265
"2017-08-01","Games",180
"2017-08-01","Sports & Outdoors",191
"2017-08-01","Toys",366
"2017-08-02","Art & Crafts",158
"2017-08-02","Electronics",218
"2017-08-02","Games",261
"2017-08-02","Sports & Outdoors",333
"2017-08-02","Toys",321
"2017-08-03","Art & Crafts",269
"2017-08-03","Electronics",262
"2017-08-03","Games",311
"2017-08-03","Sports & Outdoors",372
"2017-08-03","Toys",261
"2017-08-04","Art & Crafts",351
"2017-08-04","Electronics",188
"2017-08-04","Games",282
"2017-08-04","Sports & Outdoors",249
"2017-08-04","Toys",325
"2017-08-05","Art & Crafts",348
"2017-08-05","Electronics",238
"2017-08-05","Games",312
"2017-08-05","Sports & Outdoors",353
"2017-08-05","Toys",358
"2017-08-06","Art & Crafts",328
"2017-08-06","Electronics",205
"2017-08-06","Games",328
"2017-08-06","Sports & Outdoors",506
"2017-08-06","Toys",348
"2017-08-07","Art & Crafts",174
"2017-08-07","Electronics",256
"2017-08-07","Games",230
"2017-08-07","Sports & Outdoors",208
"2017-08-07","Toys",192
"2017-08-08","Art & Crafts",390
"2017-08-08","Electronics",243
"2017-08-08","Games",181
"2017-08-08","Sports & Outdoors",125
"2017-08-08","Toys",122
"2017-08-09","Art & Crafts",344
"2017-08-09","Electronics",258
"2017-08-09","Games",144
"2017-08-09","Sports & Outdoors",190
"2017-08-09","Toys",210
"2017-08-10","Art & Crafts",250
"2017-08-10","Electronics",213
"2017-08-10","Games",383
"2017-08-10","Sports & Outdoors",275
"2017-08-10","Toys",211
"2017-08-11","Art & Crafts",265
"2017-08-11","Electronics",320
"2017-08-11","Games",249
"2017-08-11","Sports & Outdoors",225
"2017-08-11","Toys",314
"2017-08-12","Art & Crafts",437
"2017-08-12","Electronics",137
"2017-08-12","Games",356
"2017-08-12","Sports & Outdoors",499
"2017-08-12","Toys",320
"2017-08-13","Art & Crafts",280
"2017-08-13","Electronics",279
"2017-08-13","Games",460
"2017-08-13","Sports & Outdoors",512
"2017-08-13","Toys",389
"2017-08-14","Art & Crafts",252
"2017-08-14","Electronics",367
"2017-08-14","Games",180
"2017-08-14","Sports & Outdoors",158
"2017-08-14","Toys",258
"2017-08-15","Art & Crafts",270
"2017-08-15","Electronics",241
"2017-08-15","Games",75
"2017-08-15","Sports & Outdoors",134
"2017-08-15","Toys",145
"2017-08-16","Art & Crafts",302
"2017-08-16","Electronics",163
"2017-08-16","Games",189
"2017-08-16","Sports & Outdoors",327
"2017-08-16","Toys",252
"2017-08-17","Art & Crafts",281
"2017-08-17","Electronics",278
"2017-08-17","Games",260
"2017-08-17","Sports & Outdoors",162
"2017-08-17","Toys",163
"2017-08-18","Art & Crafts",208
"2017-08-18","Electronics",253
"2017-08-18","Games",269
"2017-08-18","Sports & Outdoors",232
"2017-08-18","Toys",347
"2017-08-19","Art & Crafts",309
"2017-08-19","Electronics",286
"2017-08-19","Games",459
"2017-08-19","Sports & Outdoors",241
"2017-08-19","Toys",492
"2017-08-20","Art & Crafts",383
"2017-08-20","Electronics",219
"2017-08-20","Games",385
"2017-08-20","Sports & Outdoors",288
"2017-08-20","Toys",468
"2017-08-21","Art & Crafts",220
"2017-08-21","Electronics",222
"2017-08-21","Games",147
"2017-08-21","Sports & Outdoors",72
"2017-08-21","Toys",210
"2017-08-22","Art & Crafts",215
"2017-08-22","Electronics",276
"2017-08-22","Games",144
"2017-08-22","Sports & Outdoors",81
"2017-08-22","Toys",192
"2017-08-23","Art & Crafts",286
"2017-08-23","Electronics",290
"2017-08-23","Games",109
"2017-08-23","Sports & Outdoors",167
"2017-08-23","Toys",151
"2017-08-24","Art & Crafts",288
"2017-08-24","Electronics",242
"2017-08-24","Games",185
"2017-08-24","Sports & Outdoors",205
"2017-08-24","Toys",293
"2017-08-25","Art & Crafts",362
"2017-08-25","Electronics",249
"2017-08-25","Games",178
"2017-08-25","Sports & Outdoors",239
"2017-08-25","Toys",253
"2017-08-26","Art & Crafts",373
"2017-08-26","Electronics",175
"2017-08-26","Games",240
"2017-08-26","Sports & Outdoors",577
"2017-08-26","Toys",358
"2017-08-27","Art & Crafts",412
"2017-08-27","Electronics",190
"2017-08-27","Games",316
"2017-08-27","Sports & Outdoors",281
"2017-08-27","Toys",454
"2017-08-28","Art & Crafts",163
"2017-08-28","Electronics",272
"2017-08-28","Games",241
"2017-08-28","Sports & Outdoors",105
"2017-08-28","Toys",217
"2017-08-29","Art & Crafts",108
"2017-08-29","Electronics",264
"2017-08-29","Games",86
"2017-08-29","Sports & Outdoors",64
"2017-08-29","Toys",241
"2017-08-30","Art & Crafts",220
"2017-08-30","Electronics",242
"2017-08-30","Games",162
"2017-08-30","Sports & Outdoors",72
"2017-08-30","Toys",130
"2017-08-31","Art & Crafts",262
"2017-08-31","Electronics",283
"2017-08-31","Games",158
"2017-08-31","Sports & Outdoors",108
"2017-08-31","Toys",184
"2017-09-01","Art & Crafts",324
"2017-09-01","Electronics",264
"2017-09-01","Games",210
"2017-09-01","Sports & Outdoors",192
"2017-09-01","Toys",374
"2017-09-02","Art & Crafts",556
"2017-09-02","Electronics",107
"2017-09-02","Games",400
"2017-09-02","Sports & Outdoors",371
"2017-09-02","Toys",410
"2017-09-03","Art & Crafts",584
"2017-09-03","Electronics",291
"2017-09-03","Games",331
"2017-09-03","Sports & Outdoors",426
"2017-09-03","Toys",458
"2017-09-04","Art & Crafts",286
"2017-09-04","Electronics",241
"2017-09-04","Games",207
"2017-09-04","Sports & Outdoors",153
"2017-09-04","Toys",217
"2017-09-05","Art & Crafts",281
"2017-09-05","Electronics",246
"2017-09-05","Games",115
"2017-09-05","Sports & Outdoors",148
"2017-09-05","Toys",141
"2017-09-06","Art & Crafts",114
"2017-09-06","Electronics",181
"2017-09-06","Games",236
"2017-09-06","Sports & Outdoors",77
"2017-09-06","Toys",277
"2017-09-07","Art & Crafts",282
"2017-09-07","Electronics",203
"2017-09-07","Games",201
"2017-09-07","Sports & Outdoors",50
"2017-09-07","Toys",290
"2017-09-08","Art & Crafts",220
"2017-09-08","Electronics",328
"2017-09-08","Games",153
"2017-09-08","Sports & Outdoors",277
"2017-09-08","Toys",316
"2017-09-09","Art & Crafts",355
"2017-09-09","Electronics",167
"2017-09-09","Games",254
"2017-09-09","Sports & Outdoors",379
"2017-09-09","Toys",357
"2017-09-10","Art & Crafts",298
"2017-09-10","Electronics",278
"2017-09-10","Games",287
"2017-09-10","Sports & Outdoors",327
"2017-09-10","Toys",376
"2017-09-11","Art & Crafts",195
"2017-09-11","Electronics",197
"2017-09-11","Games",157
"2017-09-11","Sports & Outdoors",102
"2017-09-11","Toys",224
"2017-09-12","Art & Crafts",226
"2017-09-12","Electronics",130
"2017-09-12","Games",186
"2017-09-12","Sports & Outdoors",62
"2017-09-12","Toys",136
"2017-09-13","Art & Crafts",291
"2017-09-13","Electronics",144
"2017-09-13","Games",188
"2017-09-13","Sports & Outdoors",143
"2017-09-13","Toys",243
"2017-09-14","Art & Crafts",233
"2017-09-14","Electronics",166
"2017-09-14","Games",190
"2017-09-14","Sports & Outdoors",97
"2017-09-14","Toys",286
"2017-09-15","Art & Crafts",352
"2017-09-15","Electronics",228
"2017-09-15","Games",326
"2017-09-15","Sports & Outdoors",159
"2017-09-15","Toys",422
"2017-09-16","Art & Crafts",729
"2017-09-16","Electronics",301
"2017-09-16","Games",479
"2017-09-16","Sports & Outdoors",580
"2017-09-16","Toys",765
"2017-09-17","Art & Crafts",553
"2017-09-17","Electronics",283
"2017-09-17","Games",533
"2017-09-17","Sports & Outdoors",240
"2017-09-17","Toys",485
"2017-09-18","Art & Crafts",417
"2017-09-18","Electronics",165
"2017-09-18","Games",187
"2017-09-18","Sports & Outdoors",142
"2017-09-18","Toys",299
"2017-09-19","Art & Crafts",399
"2017-09-19","Electronics",281
"2017-09-19","Games",76
"2017-09-19","Sports & Outdoors",57
"2017-09-19","Toys",351
"2017-09-20","Art & Crafts",338
"2017-09-20","Electronics",232
"2017-09-20","Games",127
"2017-09-20","Sports & Outdoors",75
"2017-09-20","Toys",263
"2017-09-21","Art & Crafts",295
"2017-09-21","Electronics",183
"2017-09-21","Games",174
"2017-09-21","Sports & Outdoors",63
"2017-09-21","Toys",344
"2017-09-22","Art & Crafts",656
"2017-09-22","Electronics",206
"2017-09-22","Games",218
"2017-09-22","Sports & Outdoors",155
"2017-09-22","Toys",426
"2017-09-23","Art & Crafts",681
"2017-09-23","Electronics",271
"2017-09-23","Games",335
"2017-09-23","Sports & Outdoors",271
"2017-09-23","Toys",508
"2017-09-24","Art & Crafts",705
"2017-09-24","Electronics",131
"2017-09-24","Games",313
"2017-09-24","Sports & Outdoors",396
"2017-09-24","Toys",455
"2017-09-25","Art & Crafts",294
"2017-09-25","Electronics",356
"2017-09-25","Games",272
"2017-09-25","Sports & Outdoors",82
"2017-09-25","Toys",354
"2017-09-26","Art & Crafts",210
"2017-09-26","Electronics",185
"2017-09-26","Games",186
"2017-09-26","Sports & Outdoors",68
"2017-09-26","Toys",313
"2017-09-27","Art & Crafts",393
"2017-09-27","Electronics",177
"2017-09-27","Games",398
"2017-09-27","Sports & Outdoors",126
"2017-09-27","Toys",395
"2017-09-28","Art & Crafts",263
"2017-09-28","Electronics",182
"2017-09-28","Games",290
"2017-09-28","Sports & Outdoors",157
"2017-09-28","Toys",232
"2017-09-29","Art & Crafts",418
"2017-09-29","Electronics",110
"2017-09-29","Games",245
"2017-09-29","Sports & Outdoors",266
"2017-09-29","Toys",379
"2017-09-30","Art & Crafts",463
"2017-09-30","Electronics",187
"2017-09-30","Games",216
"2017-09-30","Sports & Outdoors",498
"2017-09-30","Toys",639
"2017-10-01","Art & Crafts",431
"2017-10-01","Electronics",221
"2017-10-01","Games",413
"2017-10-01","Sports & Outdoors",410
"2017-10-01","Toys",462
"2017-10-02","Art & Crafts",217
"2017-10-02","Electronics",257
"2017-10-02","Games",181
"2017-10-02","Sports & Outdoors",25
"2017-10-02","Toys",322
"2017-10-03","Art & Crafts",200
"2017-10-03","Electronics",278
"2017-10-03","Games",155
"2017-10-03","Sports & Outdoors",209
"2017-10-03","Toys",232
"2017-10-04","Art & Crafts",188
"2017-10-04","Electronics",278
"2017-10-04","Games",169
"2017-10-04","Sports & Outdoors",67
"2017-10-04","Toys",384
"2017-10-05","Art & Crafts",344
"2017-10-05","Electronics",106
"2017-10-05","Games",189
"2017-10-05","Sports & Outdoors",85
"2017-10-05","Toys",264
"2017-10-06","Art & Crafts",423
"2017-10-06","Electronics",196
"2017-10-06","Games",235
"2017-10-06","Sports & Outdoors",215
"2017-10-06","Toys",204
"2017-10-07","Art & Crafts",740
"2017-10-07","Electronics",187
"2017-10-07","Games",228
"2017-10-07","Sports & Outdoors",393
"2017-10-07","Toys",391
"2017-10-08","Art & Crafts",743
"2017-10-08","Electronics",189
"2017-10-08","Games",312
"2017-10-08","Sports & Outdoors",354
"2017-10-08","Toys",588
"2017-10-09","Art & Crafts",302
"2017-10-09","Electronics",210
"2017-10-09","Games",252
"2017-10-09","Sports & Outdoors",155
"2017-10-09","Toys",257
"2017-10-10","Art & Crafts",433
"2017-10-10","Electronics",222
"2017-10-10","Games",228
"2017-10-10","Sports & Outdoors",119
"2017-10-10","Toys",258
"2017-10-11","Art & Crafts",271
"2017-10-11","Electronics",144
"2017-10-11","Games",163
"2017-10-11","Sports & Outdoors",143
"2017-10-11","Toys",274
"2017-10-12","Art & Crafts",390
"2017-10-12","Electronics",159
"2017-10-12","Games",242
"2017-10-12","Sports & Outdoors",117
"2017-10-12","Toys",307
"2017-10-13","Art & Crafts",640
"2017-10-13","Electronics",139
"2017-10-13","Games",292
"2017-10-13","Sports & Outdoors",126
"2017-10-13","Toys",538
"2017-10-14","Art & Crafts",887
"2017-10-14","Electronics",157
"2017-10-14","Games",367
"2017-10-14","Sports & Outdoors",326
"2017-10-14","Toys",786
"2017-10-15","Art & Crafts",634
"2017-10-15","Electronics",314
"2017-10-15","Games",555
"2017-10-15","Sports & Outdoors",258
"2017-10-15","Toys",546
"2017-10-16","Art & Crafts",336
"2017-10-16","Electronics",215
"2017-10-16","Games",325
"2017-10-16","Sports & Outdoors",100
"2017-10-16","Toys",168
"2017-10-17","Art & Crafts",373
"2017-10-17","Electronics",214
"2017-10-17","Games",103
"2017-10-17","Sports & Outdoors",155
"2017-10-17","Toys",272
"2017-10-18","Art & Crafts",350
"2017-10-18","Electronics",262
"2017-10-18","Games",260
"2017-10-18","Sports & Outdoors",92
"2017-10-18","Toys",367
"2017-10-19","Art & Crafts",356
"2017-10-19","Electronics",234
"2017-10-19","Games",340
"2017-10-19","Sports & Outdoors",77
"2017-10-19","Toys",354
"2017-10-20","Art & Crafts",546
"2017-10-20","Electronics",274
"2017-10-20","Games",194
"2017-10-20","Sports & Outdoors",145
"2017-10-20","Toys",361
"2017-10-21","Art & Crafts",802
"2017-10-21","Electronics",200
"2017-10-21","Games",373
"2017-10-21","Sports & Outdoors",284
"2017-10-21","Toys",646
"2017-10-22","Art & Crafts",759
"2017-10-22","Electronics",145
"2017-10-22","Games",544
"2017-10-22","Sports & Outdoors",223
"2017-10-22","Toys",464
"2017-10-23","Art & Crafts",525
"2017-10-23","Electronics",194
"2017-10-23","Games",299
"2017-10-23","Sports & Outdoors",97
"2017-10-23","Toys",264
"2017-10-24","Art & Crafts",240
"2017-10-24","Electronics",210
"2017-10-24","Games",234
"2017-10-24","Sports & Outdoors",60
"2017-10-24","Toys",330
"2017-10-25","Art & Crafts",477
"2017-10-25","Electronics",238
"2017-10-25","Games",228
"2017-10-25","Sports & Outdoors",108
"2017-10-25","Toys",260
"2017-10-26","Art & Crafts",310
"2017-10-26","Electronics",180
"2017-10-26","Games",412
"2017-10-26","Sports & Outdoors",100
"2017-10-26","Toys",268
"2017-10-27","Art & Crafts",636
"2017-10-27","Electronics",338
"2017-10-27","Games",356
"2017-10-27","Sports & Outdoors",197
"2017-10-27","Toys",453
"2017-10-28","Art & Crafts",1008
"2017-10-28","Electronics",203
"2017-10-28","Games",362
"2017-10-28","Sports & Outdoors",283
"2017-10-28","Toys",454
"2017-10-29","Art & Crafts",785
"2017-10-29","Electronics",169
"2017-10-29","Games",465
"2017-10-29","Sports & Outdoors",411
"2017-10-29","Toys",517
"2017-10-30","Art & Crafts",283
"2017-10-30","Electronics",226
"2017-10-30","Games",172
"2017-10-30","Sports & Outdoors",87
"2017-10-30","Toys",369
"2017-10-31","Art & Crafts",681
"2017-10-31","Electronics",276
"2017-10-31","Games",213
"2017-10-31","Sports & Outdoors",128
"2017-10-31","Toys",146
"2017-11-01","Art & Crafts",386
"2017-11-01","Electronics",243
"2017-11-01","Games",412
"2017-11-01","Sports & Outdoors",92
"2017-11-01","Toys",423
"2017-11-02","Art & Crafts",670
"2017-11-02","Electronics",232
"2017-11-02","Games",341
"2017-11-02","Sports & Outdoors",250
"2017-11-02","Toys",519
"2017-11-03","Art & Crafts",796
"2017-11-03","Electronics",208
"2017-11-03","Games",468
"2017-11-03","Sports & Outdoors",188
"2017-11-03","Toys",440
"2017-11-04","Art & Crafts",828
"2017-11-04","Electronics",298
"2017-11-04","Games",297
"2017-11-04","Sports & Outdoors",316
"2017-11-04","Toys",553
"2017-11-05","Art & Crafts",543
"2017-11-05","Electronics",320
"2017-11-05","Games",391
"2017-11-05","Sports & Outdoors",240
"2017-11-05","Toys",539
"2017-11-06","Art & Crafts",361
"2017-11-06","Electronics",315
"2017-11-06","Games",151
"2017-11-06","Sports & Outdoors",98
"2017-11-06","Toys",245
"2017-11-07","Art & Crafts",278
"2017-11-07","Electronics",126
"2017-11-07","Games",220
"2017-11-07","Sports & Outdoors",132
"2017-11-07","Toys",192
"2017-11-08","Art & Crafts",411
"2017-11-08","Electronics",170
"2017-11-08","Games",268
"2017-11-08","Sports & Outdoors",42
"2017-11-08","Toys",298
"2017-11-09","Art & Crafts",308
"2017-11-09","Electronics",195
"2017-11-09","Games",278
"2017-11-09","Sports & Outdoors",139
"2017-11-09","Toys",285
"2017-11-10","Art & Crafts",565
"2017-11-10","Electronics",190
"2017-11-10","Games",377
"2017-11-10","Sports & Outdoors",70
"2017-11-10","Toys",583
"2017-11-11","Art & Crafts",741
"2017-11-11","Electronics",152
"2017-11-11","Games",486
"2017-11-11","Sports & Outdoors",420
"2017-11-11","Toys",639
"2017-11-12","Art & Crafts",722
"2017-11-12","Electronics",190
"2017-11-12","Games",406
"2017-11-12","Sports & Outdoors",355
"2017-11-12","Toys",629
"2017-11-13","Art & Crafts",313
"2017-11-13","Electronics",127
"2017-11-13","Games",183
"2017-11-13","Sports & Outdoors",75
"2017-11-13","Toys",365
"2017-11-14","Art & Crafts",413
"2017-11-14","Electronics",150
"2017-11-14","Games",175
"2017-11-14","Sports & Outdoors",162
"2017-11-14","Toys",256
"2017-11-15","Art & Crafts",679
"2017-11-15","Electronics",151
"2017-11-15","Games",205
"2017-11-15","Sports & Outdoors",164
"2017-11-15","Toys",420
"2017-11-16","Art & Crafts",492
"2017-11-16","Electronics",200
"2017-11-16","Games",229
"2017-11-16","Sports & Outdoors",139
"2017-11-16","Toys",319
"2017-11-17","Art & Crafts",749
"2017-11-17","Electronics",292
"2017-11-17","Games",339
"2017-11-17","Sports & Outdoors",224
"2017-11-17","Toys",417
"2017-11-18","Art & Crafts",1231
"2017-11-18","Electronics",155
"2017-11-18","Games",347
"2017-11-18","Sports & Outdoors",408
"2017-11-18","Toys",594
"2017-11-19","Art & Crafts",911
"2017-11-19","Electronics",170
"2017-11-19","Games",348
"2017-11-19","Sports & Outdoors",426
"2017-11-19","Toys",626
"2017-11-20","Art & Crafts",607
"2017-11-20","Electronics",251
"2017-11-20","Games",420
"2017-11-20","Sports & Outdoors",214
"2017-11-20","Toys",373
"2017-11-21","Art & Crafts",441
"2017-11-21","Electronics",192
"2017-11-21","Games",283
"2017-11-21","Sports & Outdoors",90
"2017-11-21","Toys",198
"2017-11-22","Art & Crafts",627
"2017-11-22","Electronics",159
"2017-11-22","Games",390
"2017-11-22","Sports & Outdoors",101
"2017-11-22","Toys",374
"2017-11-23","Art & Crafts",477
"2017-11-23","Electronics",182
"2017-11-23","Games",148
"2017-11-23","Sports & Outdoors",195
"2017-11-23","Toys",272
"2017-11-24","Art & Crafts",760
"2017-11-24","Electronics",100
"2017-11-24","Games",155
"2017-11-24","Sports & Outdoors",283
"2017-11-24","Toys",385
"2017-11-25","Art & Crafts",949
"2017-11-25","Electronics",156
"2017-11-25","Games",449
"2017-11-25","Sports & Outdoors",469
"2017-11-25","Toys",637
"2017-11-26","Art & Crafts",794
"2017-11-26","Electronics",140
"2017-11-26","Games",587
"2017-11-26","Sports & Outdoors",176
"2017-11-26","Toys",570
"2017-11-27","Art & Crafts",335
"2017-11-27","Electronics",234
"2017-11-27","Games",240
"2017-11-27","Sports & Outdoors",57
"2017-11-27","Toys",181
"2017-11-28","Art & Crafts",401
"2017-11-28","Electronics",179
"2017-11-28","Games",123
"2017-11-28","Sports & Outdoors",116
"2017-11-28","Toys",267
"2017-11-29","Art & Crafts",442
"2017-11-29","Electronics",209
"2017-11-29","Games",373
"2017-11-29","Sports & Outdoors",128
"2017-11-29","Toys",343
"2017-11-30","Art & Crafts",513
"2017-11-30","Electronics",231
"2017-11-30","Games",224
"2017-11-30","Sports & Outdoors",123
"2017-11-30","Toys",378
"2017-12-01","Art & Crafts",950
"2017-12-01","Electronics",343
"2017-12-01","Games",417
"2017-12-01","Sports & Outdoors",365
"2017-12-01","Toys",443
"2017-12-02","Art & Crafts",917
"2017-12-02","Electronics",117
"2017-12-02","Games",366
"2017-12-02","Sports & Outdoors",446
"2017-12-02","Toys",614
"2017-12-03","Art & Crafts",971
"2017-12-03","Electronics",198
"2017-12-03","Games",499
"2017-12-03","Sports & Outdoors",427
"2017-12-03","Toys",540
"2017-12-04","Art & Crafts",484
"2017-12-04","Electronics",311
"2017-12-04","Games",318
"2017-12-04","Sports & Outdoors",80
"2017-12-04","Toys",312
"2017-12-05","Art & Crafts",383
"2017-12-05","Electronics",201
"2017-12-05","Games",239
"2017-12-05","Sports & Outdoors",117
"2017-12-05","Toys",300
"2017-12-06","Art & Crafts",292
"2017-12-06","Electronics",225
"2017-12-06","Games",343
"2017-12-06","Sports & Outdoors",127
"2017-12-06","Toys",282
"2017-12-07","Art & Crafts",676
"2017-12-07","Electronics",189
"2017-12-07","Games",335
"2017-12-07","Sports & Outdoors",353
"2017-12-07","Toys",289
"2017-12-08","Art & Crafts",565
"2017-12-08","Electronics",211
"2017-12-08","Games",286
"2017-12-08","Sports & Outdoors",307
"2017-12-08","Toys",446
"2017-12-09","Art & Crafts",1147
"2017-12-09","Electronics",147
"2017-12-09","Games",546
"2017-12-09","Sports & Outdoors",529
"2017-12-09","Toys",474
"2017-12-10","Art & Crafts",808
"2017-12-10","Electronics",153
"2017-12-10","Games",512
"2017-12-10","Sports & Outdoors",420
"2017-12-10","Toys",635
"2017-12-11","Art & Crafts",522
"2017-12-11","Electronics",164
"2017-12-11","Games",215
"2017-12-11","Sports & Outdoors",155
"2017-12-11","Toys",374
"2017-12-12","Art & Crafts",588
"2017-12-12","Electronics",109
"2017-12-12","Games",176
"2017-12-12","Sports & Outdoors",246
"2017-12-12","Toys",230
"2017-12-13","Art & Crafts",444
"2017-12-13","Electronics",197
"2017-12-13","Games",407
"2017-12-13","Sports & Outdoors",152
"2017-12-13","Toys",332
"2017-12-14","Art & Crafts",662
"2017-12-14","Electronics",186
"2017-12-14","Games",333
"2017-12-14","Sports & Outdoors",238
"2017-12-14","Toys",474
"2017-12-15","Art & Crafts",779
"2017-12-15","Electronics",266
"2017-12-15","Games",370
"2017-12-15","Sports & Outdoors",450
"2017-12-15","Toys",537
"2017-12-16","Art & Crafts",1029
"2017-12-16","Electronics",220
"2017-12-16","Games",516
"2017-12-16","Sports & Outdoors",615
"2017-12-16","Toys",400
"2017-12-17","Art & Crafts",772
"2017-12-17","Electronics",207
"2017-12-17","Games",538
"2017-12-17","Sports & Outdoors",425
"2017-12-17","Toys",463
"2017-12-18","Art & Crafts",672
"2017-12-18","Electronics",289
"2017-12-18","Games",347
"2017-12-18","Sports & Outdoors",179
"2017-12-18","Toys",359
"2017-12-19","Art & Crafts",631
"2017-12-19","Electronics",229
"2017-12-19","Games",427
"2017-12-19","Sports & Outdoors",147
"2017-12-19","Toys",353
"2017-12-20","Art & Crafts",968
"2017-12-20","Electronics",100
"2017-12-20","Games",611
"2017-12-20","Sports & Outdoors",269
"2017-12-20","Toys",306
"2017-12-21","Art & Crafts",1006
"2017-12-21","Electronics",266
"2017-12-21","Games",460
"2017-12-21","Sports & Outdoors",349
"2017-12-21","Toys",350
"2017-12-22","Art & Crafts",873
"2017-12-22","Electronics",252
"2017-12-22","Games",495
"2017-12-22","Sports & Outdoors",374
"2017-12-22","Toys",252
"2017-12-23","Art & Crafts",741
"2017-12-23","Electronics",153
"2017-12-23","Games",697
"2017-12-23","Sports & Outdoors",410
"2017-12-23","Toys",454
"2017-12-24","Art & Crafts",1066
"2017-12-24","Electronics",229
"2017-12-24","Games",1160
"2017-12-24","Sports & Outdoors",492
"2017-12-24","Toys",639
"2017-12-25","Art & Crafts",695
"2017-12-25","Electronics",178
"2017-12-25","Games",902
"2017-12-25","Sports & Outdoors",483
"2017-12-25","Toys",611
"2017-12-26","Art & Crafts",630
"2017-12-26","Electronics",171
"2017-12-26","Games",379
"2017-12-26","Sports & Outdoors",111
"2017-12-26","Toys",369
"2017-12-27","Art & Crafts",557
"2017-12-27","Electronics",117
"2017-12-27","Games",429
"2017-12-27","Sports & Outdoors",140
"2017-12-27","Toys",356
"2017-12-28","Art & Crafts",631
"2017-12-28","Electronics",119
"2017-12-28","Games",378
"2017-12-28","Sports & Outdoors",187
"2017-12-28","Toys",150
"2017-12-29","Art & Crafts",613
"2017-12-29","Electronics",253
"2017-12-29","Games",665
"2017-12-29","Sports & Outdoors",360
"2017-12-29","Toys",223
"2017-12-30","Art & Crafts",705
"2017-12-30","Electronics",194
"2017-12-30","Games",642
"2017-12-30","Sports & Outdoors",366
"2017-12-30","Toys",381
"2017-12-31","Art & Crafts",809
"2017-12-31","Electronics",208
"2017-12-31","Games",1027
"2017-12-31","Sports & Outdoors",471
"2017-12-31","Toys",470
"2018-01-01","Art & Crafts",685
"2018-01-01","Electronics",147
"2018-01-01","Games",400
"2018-01-01","Sports & Outdoors",259
"2018-01-01","Toys",500
"2018-01-02","Art & Crafts",470
"2018-01-02","Electronics",167
"2018-01-02","Games",519
"2018-01-02","Sports & Outdoors",373
"2018-01-02","Toys",337
"2018-01-03","Art & Crafts",355
"2018-01-03","Electronics",172
"2018-01-03","Games",505
"2018-01-03","Sports & Outdoors",245
"2018-01-03","Toys",261
"2018-01-04","Art & Crafts",560
"2018-01-04","Electronics",181
"2018-01-04","Games",290
"2018-01-04","Sports & Outdoors",143
"2018-01-04","Toys",222
"2018-01-05","Art & Crafts",902
"2018-01-05","Electronics",101
"2018-01-05","Games",478
"2018-01-05","Sports & Outdoors",205
"2018-01-05","Toys",505
"2018-01-06","Art & Crafts",1318
"2018-01-06","Electronics",281
"2018-01-06","Games",703
"2018-01-06","Sports & Outdoors",337
"2018-01-06","Toys",749
"2018-01-07","Art & Crafts",796
"2018-01-07","Electronics",165
"2018-01-07","Games",555
"2018-01-07","Sports & Outdoors",343
"2018-01-07","Toys",320
"2018-01-08","Art & Crafts",542
"2018-01-08","Electronics",196
"2018-01-08","Games",250
"2018-01-08","Sports & Outdoors",142
"2018-01-08","Toys",266
"2018-01-09","Art & Crafts",238
"2018-01-09","Electronics",237
"2018-01-09","Games",357
"2018-01-09","Sports & Outdoors",129
"2018-01-09","Toys",119
"2018-01-10","Art & Crafts",493
"2018-01-10","Electronics",208
"2018-01-10","Games",230
"2018-01-10","Sports & Outdoors",83
"2018-01-10","Toys",209
"2018-01-11","Art & Crafts",531
"2018-01-11","Electronics",197
"2018-01-11","Games",295
"2018-01-11","Sports & Outdoors",137
"2018-01-11","Toys",208
"2018-01-12","Art & Crafts",822
"2018-01-12","Electronics",119
"2018-01-12","Games",434
"2018-01-12","Sports & Outdoors",135
"2018-01-12","Toys",334
"2018-01-13","Art & Crafts",971
"2018-01-13","Electronics",167
"2018-01-13","Games",731
"2018-01-13","Sports & Outdoors",475
"2018-01-13","Toys",404
"2018-01-14","Art & Crafts",1121
"2018-01-14","Electronics",179
"2018-01-14","Games",656
"2018-01-14","Sports & Outdoors",438
"2018-01-14","Toys",554
"2018-01-15","Art & Crafts",373
"2018-01-15","Electronics",167
"2018-01-15","Games",330
"2018-01-15","Sports & Outdoors",143
"2018-01-15","Toys",304
"2018-01-16","Art & Crafts",536
"2018-01-16","Electronics",155
"2018-01-16","Games",312
"2018-01-16","Sports & Outdoors",123
"2018-01-16","Toys",230
"2018-01-17","Art & Crafts",542
"2018-01-17","Electronics",152
"2018-01-17","Games",165
"2018-01-17","Sports & Outdoors",60
"2018-01-17","Toys",283
"2018-01-18","Art & Crafts",554
"2018-01-18","Electronics",118
"2018-01-18","Games",202
"2018-01-18","Sports & Outdoors",68
"2018-01-18","Toys",282
"2018-01-19","Art & Crafts",823
"2018-01-19","Electronics",191
"2018-01-19","Games",251
"2018-01-19","Sports & Outdoors",197
"2018-01-19","Toys",355
"2018-01-20","Art & Crafts",1187
"2018-01-20","Electronics",200
"2018-01-20","Games",387
"2018-01-20","Sports & Outdoors",214
"2018-01-20","Toys",364
"2018-01-21","Art & Crafts",812
"2018-01-21","Electronics",244
"2018-01-21","Games",483
"2018-01-21","Sports & Outdoors",402
"2018-01-21","Toys",425
"2018-01-22","Art & Crafts",542
"2018-01-22","Electronics",264
"2018-01-22","Games",232
"2018-01-22","Sports & Outdoors",102
"2018-01-22","Toys",308
"2018-01-23","Art & Crafts",367
"2018-01-23","Electronics",253
"2018-01-23","Games",268
"2018-01-23","Sports & Outdoors",123
"2018-01-23","Toys",286
"2018-01-24","Art & Crafts",616
"2018-01-24","Electronics",188
"2018-01-24","Games",321
"2018-01-24","Sports & Outdoors",122
"2018-01-24","Toys",330
"2018-01-25","Art & Crafts",621
"2018-01-25","Electronics",168
"2018-01-25","Games",427
"2018-01-25","Sports & Outdoors",118
"2018-01-25","Toys",195
"2018-01-26","Art & Crafts",985
"2018-01-26","Electronics",146
"2018-01-26","Games",305
"2018-01-26","Sports & Outdoors",203
"2018-01-26","Toys",489
"2018-01-27","Art & Crafts",1025
"2018-01-27","Electronics",102
"2018-01-27","Games",607
"2018-01-27","Sports & Outdoors",402
"2018-01-27","Toys",391
"2018-01-28","Art & Crafts",1050
"2018-01-28","Electronics",183
"2018-01-28","Games",486
"2018-01-28","Sports & Outdoors",408
"2018-01-28","Toys",669
"2018-01-29","Art & Crafts",590
"2018-01-29","Electronics",285
"2018-01-29","Games",133
"2018-01-29","Sports & Outdoors",85
"2018-01-29","Toys",287
"2018-01-30","Art & Crafts",563
"2018-01-30","Electronics",201
"2018-01-30","Games",386
"2018-01-30","Sports & Outdoors",59
"2018-01-30","Toys",314
"2018-01-31","Art & Crafts",488
"2018-01-31","Electronics",285
"2018-01-31","Games",283
"2018-01-31","Sports & Outdoors",121
"2018-01-31","Toys",306
"2018-02-01","Art & Crafts",760
"2018-02-01","Electronics",283
"2018-02-01","Games",316
"2018-02-01","Sports & Outdoors",321
"2018-02-01","Toys",253
"2018-02-02","Art & Crafts",797
"2018-02-02","Electronics",224
"2018-02-02","Games",315
"2018-02-02","Sports & Outdoors",203
"2018-02-02","Toys",492
"2018-02-03","Art & Crafts",1277
"2018-02-03","Electronics",232
"2018-02-03","Games",637
"2018-02-03","Sports & Outdoors",389
"2018-02-03","Toys",770
"2018-02-04","Art & Crafts",938
"2018-02-04","Electronics",115
"2018-02-04","Games",492
"2018-02-04","Sports & Outdoors",642
"2018-02-04","Toys",658
"2018-02-05","Art & Crafts",838
"2018-02-05","Electronics",142
"2018-02-05","Games",452
"2018-02-05","Sports & Outdoors",184
"2018-02-05","Toys",496
"2018-02-06","Art & Crafts",508
"2018-02-06","Electronics",266
"2018-02-06","Games",175
"2018-02-06","Sports & Outdoors",92
"2018-02-06","Toys",362
"2018-02-07","Art & Crafts",649
"2018-02-07","Electronics",153
"2018-02-07","Games",509
"2018-02-07","Sports & Outdoors",108
"2018-02-07","Toys",266
"2018-02-08","Art & Crafts",474
"2018-02-08","Electronics",184
"2018-02-08","Games",207
"2018-02-08","Sports & Outdoors",58
"2018-02-08","Toys",224
"2018-02-09","Art & Crafts",690
"2018-02-09","Electronics",209
"2018-02-09","Games",361
"2018-02-09","Sports & Outdoors",153
"2018-02-09","Toys",367
"2018-02-10","Art & Crafts",1035
"2018-02-10","Electronics",100
"2018-02-10","Games",345
"2018-02-10","Sports & Outdoors",416
"2018-02-10","Toys",481
"2018-02-11","Art & Crafts",798
"2018-02-11","Electronics",120
"2018-02-11","Games",806
"2018-02-11","Sports & Outdoors",499
"2018-02-11","Toys",454
"2018-02-12","Art & Crafts",515
"2018-02-12","Electronics",147
"2018-02-12","Games",285
"2018-02-12","Sports & Outdoors",182
"2018-02-12","Toys",287
"2018-02-13","Art & Crafts",594
"2018-02-13","Electronics",320
"2018-02-13","Games",197
"2018-02-13","Sports & Outdoors",117
"2018-02-13","Toys",338
"2018-02-14","Art & Crafts",720
"2018-02-14","Electronics",108
"2018-02-14","Games",462
"2018-02-14","Sports & Outdoors",145
"2018-02-14","Toys",441
"2018-02-15","Art & Crafts",591
"2018-02-15","Electronics",141
"2018-02-15","Games",290
"2018-02-15","Sports & Outdoors",147
"2018-02-15","Toys",344
"2018-02-16","Art & Crafts",1010
"2018-02-16","Electronics",322
"2018-02-16","Games",216
"2018-02-16","Sports & Outdoors",168
"2018-02-16","Toys",339
"2018-02-17","Art & Crafts",1162
"2018-02-17","Electronics",210
"2018-02-17","Games",576
"2018-02-17","Sports & Outdoors",432
"2018-02-17","Toys",431
"2018-02-18","Art & Crafts",1007
"2018-02-18","Electronics",257
"2018-02-18","Games",704
"2018-02-18","Sports & Outdoors",439
"2018-02-18","Toys",604
"2018-02-19","Art & Crafts",664
"2018-02-19","Electronics",186
"2018-02-19","Games",296
"2018-02-19","Sports & Outdoors",106
"2018-02-19","Toys",206
"2018-02-20","Art & Crafts",433
"2018-02-20","Electronics",225
"2018-02-20","Games",360
"2018-02-20","Sports & Outdoors",81
"2018-02-20","Toys",524
"2018-02-21","Art & Crafts",602
"2018-02-21","Electronics",115
"2018-02-21","Games",247
"2018-02-21","Sports & Outdoors",70
"2018-02-21","Toys",216
"2018-02-22","Art & Crafts",675
"2018-02-22","Electronics",152
"2018-02-22","Games",213
"2018-02-22","Sports & Outdoors",206
"2018-02-22","Toys",315
"2018-02-23","Art & Crafts",978
"2018-02-23","Electronics",211
"2018-02-23","Games",350
"2018-02-23","Sports & Outdoors",174
"2018-02-23","Toys",425
"2018-02-24","Art & Crafts",739
"2018-02-24","Electronics",206
"2018-02-24","Games",517
"2018-02-24","Sports & Outdoors",430
"2018-02-24","Toys",372
"2018-02-25","Art & Crafts",779
"2018-02-25","Electronics",182
"2018-02-25","Games",507
"2018-02-25","Sports & Outdoors",219
"2018-02-25","Toys",673
"2018-02-26","Art & Crafts",412
"2018-02-26","Electronics",227
"2018-02-26","Games",189
"2018-02-26","Sports & Outdoors",98
"2018-02-26","Toys",321
"2018-02-27","Art & Crafts",573
"2018-02-27","Electronics",218
"2018-02-27","Games",270
"2018-02-27","Sports & Outdoors",43
"2018-02-27","Toys",333
"2018-02-28","Art & Crafts",572
"2018-02-28","Electronics",276
"2018-02-28","Games",403
"2018-02-28","Sports & Outdoors",66
"2018-02-28","Toys",383
"2018-03-01","Art & Crafts",561
"2018-03-01","Electronics",203
"2018-03-01","Games",210
"2018-03-01","Sports & Outdoors",48
"2018-03-01","Toys",400
"2018-03-02","Art & Crafts",785
"2018-03-02","Electronics",160
"2018-03-02","Games",376
"2018-03-02","Sports & Outdoors",248
"2018-03-02","Toys",656
"2018-03-03","Art & Crafts",948
"2018-03-03","Electronics",351
"2018-03-03","Games",580
"2018-03-03","Sports & Outdoors",393
"2018-03-03","Toys",566
"2018-03-04","Art & Crafts",979
"2018-03-04","Electronics",102
"2018-03-04","Games",456
"2018-03-04","Sports & Outdoors",323
"2018-03-04","Toys",912
"2018-03-05","Art & Crafts",449
"2018-03-05","Electronics",146
"2018-03-05","Games",265
"2018-03-05","Sports & Outdoors",123
"2018-03-05","Toys",411
"2018-03-06","Art & Crafts",562
"2018-03-06","Electronics",173
"2018-03-06","Games",204
"2018-03-06","Sports & Outdoors",124
"2018-03-06","Toys",308
"2018-03-07","Art & Crafts",705
"2018-03-07","Electronics",77
"2018-03-07","Games",172
"2018-03-07","Sports & Outdoors",126
"2018-03-07","Toys",254
"2018-03-08","Art & Crafts",523
"2018-03-08","Electronics",171
"2018-03-08","Games",174
"2018-03-08","Sports & Outdoors",173
"2018-03-08","Toys",291
"2018-03-09","Art & Crafts",777
"2018-03-09","Electronics",132
"2018-03-09","Games",317
"2018-03-09","Sports & Outdoors",441
"2018-03-09","Toys",419
"2018-03-10","Art & Crafts",1069
"2018-03-10","Electronics",167
"2018-03-10","Games",512
"2018-03-10","Sports & Outdoors",448
"2018-03-10","Toys",1106
"2018-03-11","Art & Crafts",967
"2018-03-11","Electronics",296
"2018-03-11","Games",535
"2018-03-11","Sports & Outdoors",408
"2018-03-11","Toys",598
"2018-03-12","Art & Crafts",430
"2018-03-12","Electronics",211
"2018-03-12","Games",186
"2018-03-12","Sports & Outdoors",76
"2018-03-12","Toys",295
"2018-03-13","Art & Crafts",541
"2018-03-13","Electronics",131
"2018-03-13","Games",283
"2018-03-13","Sports & Outdoors",154
"2018-03-13","Toys",289
"2018-03-14","Art & Crafts",568
"2018-03-14","Electronics",101
"2018-03-14","Games",159
"2018-03-14","Sports & Outdoors",241
"2018-03-14","Toys",422
"2018-03-15","Art & Crafts",773
"2018-03-15","Electronics",178
"2018-03-15","Games",334
"2018-03-15","Sports & Outdoors",279
"2018-03-15","Toys",296
"2018-03-16","Art & Crafts",615
"2018-03-16","Electronics",206
"2018-03-16","Games",398
"2018-03-16","Sports & Outdoors",300
"2018-03-16","Toys",808
"2018-03-17","Art & Crafts",1281
"2018-03-17","Electronics",256
"2018-03-17","Games",472
"2018-03-17","Sports & Outdoors",540
"2018-03-17","Toys",653
"2018-03-18","Art & Crafts",1315
"2018-03-18","Electronics",194
"2018-03-18","Games",651
"2018-03-18","Sports & Outdoors",469
"2018-03-18","Toys",805
"2018-03-19","Art & Crafts",1004
"2018-03-19","Electronics",173
"2018-03-19","Games",289
"2018-03-19","Sports & Outdoors",319
"2018-03-19","Toys",366
"2018-03-20","Art & Crafts",641
"2018-03-20","Electronics",145
"2018-03-20","Games",131
"2018-03-20","Sports & Outdoors",152
"2018-03-20","Toys",408
"2018-03-21","Art & Crafts",604
"2018-03-21","Electronics",179
"2018-03-21","Games",251
"2018-03-21","Sports & Outdoors",273
"2018-03-21","Toys",382
"2018-03-22","Art & Crafts",596
"2018-03-22","Electronics",242
"2018-03-22","Games",159
"2018-03-22","Sports & Outdoors",167
"2018-03-22","Toys",435
"2018-03-23","Art & Crafts",918
"2018-03-23","Electronics",104
"2018-03-23","Games",360
"2018-03-23","Sports & Outdoors",427
"2018-03-23","Toys",517
"2018-03-24","Art & Crafts",1243
"2018-03-24","Electronics",233
"2018-03-24","Games",507
"2018-03-24","Sports & Outdoors",552
"2018-03-24","Toys",721
"2018-03-25","Art & Crafts",891
"2018-03-25","Electronics",179
"2018-03-25","Games",591
"2018-03-25","Sports & Outdoors",709
"2018-03-25","Toys",614
"2018-03-26","Art & Crafts",919
"2018-03-26","Electronics",141
"2018-03-26","Games",349
"2018-03-26","Sports & Outdoors",266
"2018-03-26","Toys",484
"2018-03-27","Art & Crafts",597
"2018-03-27","Electronics",138
"2018-03-27","Games",194
"2018-03-27","Sports & Outdoors",265
"2018-03-27","Toys",354
"2018-03-28","Art & Crafts",974
"2018-03-28","Electronics",211
"2018-03-28","Games",437
"2018-03-28","Sports & Outdoors",370
"2018-03-28","Toys",597
"2018-03-29","Art & Crafts",871
"2018-03-29","Electronics",256
"2018-03-29","Games",593
"2018-03-29","Sports & Outdoors",772
"2018-03-29","Toys",652
"2018-03-30","Art & Crafts",1379
"2018-03-30","Electronics",338
"2018-03-30","Games",765
"2018-03-30","Sports & Outdoors",672
"2018-03-30","Toys",620
"2018-03-31","Art & Crafts",1102
"2018-03-31","Electronics",140
"2018-03-31","Games",631
"2018-03-31","Sports & Outdoors",499
"2018-03-31","Toys",478
"2018-04-01","Art & Crafts",976
"2018-04-01","Electronics",181
"2018-04-01","Games",835
"2018-04-01","Sports & Outdoors",462
"2018-04-01","Toys",699
"2018-04-02","Art & Crafts",535
"2018-04-02","Electronics",152
"2018-04-02","Games",272
"2018-04-02","Sports & Outdoors",293
"2018-04-02","Toys",293
"2018-04-03","Art & Crafts",440
"2018-04-03","Electronics",239
"2018-04-03","Games",247
"2018-04-03","Sports & Outdoors",234
"2018-04-03","Toys",334
"2018-04-04","Art & Crafts",446
"2018-04-04","Electronics",170
"2018-04-04","Games",249
"2018-04-04","Sports & Outdoors",197
"2018-04-04","Toys",349
"2018-04-05","Art & Crafts",628
"2018-04-05","Electronics",81
"2018-04-05","Games",240
"2018-04-05","Sports & Outdoors",197
"2018-04-05","Toys",399
"2018-04-06","Art & Crafts",854
"2018-04-06","Electronics",107
"2018-04-06","Games",393
"2018-04-06","Sports & Outdoors",332
"2018-04-06","Toys",563
"2018-04-07","Art & Crafts",1108
"2018-04-07","Electronics",219
"2018-04-07","Games",744
"2018-04-07","Sports & Outdoors",650
"2018-04-07","Toys",501
"2018-04-08","Art & Crafts",1350
"2018-04-08","Electronics",264
"2018-04-08","Games",626
"2018-04-08","Sports & Outdoors",349
"2018-04-08","Toys",694
"2018-04-09","Art & Crafts",584
"2018-04-09","Electronics",126
"2018-04-09","Games",284
"2018-04-09","Sports & Outdoors",157
"2018-04-09","Toys",340
"2018-04-10","Art & Crafts",889
"2018-04-10","Electronics",217
"2018-04-10","Games",263
"2018-04-10","Sports & Outdoors",148
"2018-04-10","Toys",248
"2018-04-11","Art & Crafts",745
"2018-04-11","Electronics",102
"2018-04-11","Games",248
"2018-04-11","Sports & Outdoors",171
"2018-04-11","Toys",234
"2018-04-12","Art & Crafts",599
"2018-04-12","Electronics",160
"2018-04-12","Games",233
"2018-04-12","Sports & Outdoors",293
"2018-04-12","Toys",350
"2018-04-13","Art & Crafts",941
"2018-04-13","Electronics",140
"2018-04-13","Games",324
"2018-04-13","Sports & Outdoors",365
"2018-04-13","Toys",282
"2018-04-14","Art & Crafts",1307
"2018-04-14","Electronics",141
"2018-04-14","Games",438
"2018-04-14","Sports & Outdoors",447
"2018-04-14","Toys",816
"2018-04-15","Art & Crafts",1255
"2018-04-15","Electronics",122
"2018-04-15","Games",524
"2018-04-15","Sports & Outdoors",490
"2018-04-15","Toys",529
"2018-04-16","Art & Crafts",478
"2018-04-16","Electronics",361
"2018-04-16","Games",323
"2018-04-16","Sports & Outdoors",264
"2018-04-16","Toys",296
"2018-04-17","Art & Crafts",607
"2018-04-17","Electronics",148
"2018-04-17","Games",225
"2018-04-17","Sports & Outdoors",216
"2018-04-17","Toys",449
"2018-04-18","Art & Crafts",439
"2018-04-18","Electronics",122
"2018-04-18","Games",212
"2018-04-18","Sports & Outdoors",143
"2018-04-18","Toys",300
"2018-04-19","Art & Crafts",497
"2018-04-19","Electronics",127
"2018-04-19","Games",399
"2018-04-19","Sports & Outdoors",102
"2018-04-19","Toys",514
"2018-04-20","Art & Crafts",734
"2018-04-20","Electronics",147
"2018-04-20","Games",293
"2018-04-20","Sports & Outdoors",153
"2018-04-20","Toys",421
"2018-04-21","Art & Crafts",1166
"2018-04-21","Electronics",137
"2018-04-21","Games",434
"2018-04-21","Sports & Outdoors",602
"2018-04-21","Toys",523
"2018-04-22","Art & Crafts",1386
"2018-04-22","Electronics",205
"2018-04-22","Games",398
"2018-04-22","Sports & Outdoors",498
"2018-04-22","Toys",677
"2018-04-23","Art & Crafts",579
"2018-04-23","Electronics",204
"2018-04-23","Games",153
"2018-04-23","Sports & Outdoors",114
"2018-04-23","Toys",331
"2018-04-24","Art & Crafts",321
"2018-04-24","Electronics",182
"2018-04-24","Games",189
"2018-04-24","Sports & Outdoors",246
"2018-04-24","Toys",307
"2018-04-25","Art & Crafts",485
"2018-04-25","Electronics",165
"2018-04-25","Games",109
"2018-04-25","Sports & Outdoors",202
"2018-04-25","Toys",253
"2018-04-26","Art & Crafts",692
"2018-04-26","Electronics",146
"2018-04-26","Games",160
"2018-04-26","Sports & Outdoors",180
"2018-04-26","Toys",508
"2018-04-27","Art & Crafts",908
"2018-04-27","Electronics",99
"2018-04-27","Games",334
"2018-04-27","Sports & Outdoors",289
"2018-04-27","Toys",604
"2018-04-28","Art & Crafts",1128
"2018-04-28","Electronics",226
"2018-04-28","Games",462
"2018-04-28","Sports & Outdoors",602
"2018-04-28","Toys",502
"2018-04-29","Art & Crafts",1251
"2018-04-29","Electronics",197
"2018-04-29","Games",476
"2018-04-29","Sports & Outdoors",618
"2018-04-29","Toys",866
"2018-04-30","Art & Crafts",2357
"2018-04-30","Electronics",197
"2018-04-30","Games",631
"2018-04-30","Sports & Outdoors",759
"2018-04-30","Toys",1151
"2018-05-01","Art & Crafts",955
"2018-05-01","Electronics",155
"2018-05-01","Games",368
"2018-05-01","Sports & Outdoors",294
"2018-05-01","Toys",499
"2018-05-02","Art & Crafts",603
"2018-05-02","Electronics",233
"2018-05-02","Games",172
"2018-05-02","Sports & Outdoors",293
"2018-05-02","Toys",311
"2018-05-03","Art & Crafts",746
"2018-05-03","Electronics",136
"2018-05-03","Games",157
"2018-05-03","Sports & Outdoors",170
"2018-05-03","Toys",417
"2018-05-04","Art & Crafts",841
"2018-05-04","Electronics",285
"2018-05-04","Games",405
"2018-05-04","Sports & Outdoors",423
"2018-05-04","Toys",541
"2018-05-05","Art & Crafts",950
"2018-05-05","Electronics",191
"2018-05-05","Games",322
"2018-05-05","Sports & Outdoors",444
"2018-05-05","Toys",519
"2018-05-06","Art & Crafts",1216
"2018-05-06","Electronics",135
"2018-05-06","Games",508
"2018-05-06","Sports & Outdoors",435
"2018-05-06","Toys",747
"2018-05-07","Art & Crafts",495
"2018-05-07","Electronics",154
"2018-05-07","Games",236
"2018-05-07","Sports & Outdoors",361
"2018-05-07","Toys",306
"2018-05-08","Art & Crafts",492
"2018-05-08","Electronics",83
"2018-05-08","Games",154
"2018-05-08","Sports & Outdoors",225
"2018-05-08","Toys",248
"2018-05-09","Art & Crafts",715
"2018-05-09","Electronics",79
"2018-05-09","Games",204
"2018-05-09","Sports & Outdoors",221
"2018-05-09","Toys",327
"2018-05-10","Art & Crafts",681
"2018-05-10","Electronics",95
"2018-05-10","Games",339
"2018-05-10","Sports & Outdoors",359
"2018-05-10","Toys",521
"2018-05-11","Art & Crafts",654
"2018-05-11","Electronics",202
"2018-05-11","Games",206
"2018-05-11","Sports & Outdoors",497
"2018-05-11","Toys",514
"2018-05-12","Art & Crafts",918
"2018-05-12","Electronics",158
"2018-05-12","Games",395
"2018-05-12","Sports & Outdoors",706
"2018-05-12","Toys",632
"2018-05-13","Art & Crafts",1081
"2018-05-13","Electronics",113
"2018-05-13","Games",426
"2018-05-13","Sports & Outdoors",441
"2018-05-13","Toys",794
"2018-05-14","Art & Crafts",688
"2018-05-14","Electronics",182
"2018-05-14","Games",376
"2018-05-14","Sports & Outdoors",275
"2018-05-14","Toys",533
"2018-05-15","Art & Crafts",864
"2018-05-15","Electronics",146
"2018-05-15","Games",284
"2018-05-15","Sports & Outdoors",353
"2018-05-15","Toys",330
"2018-05-16","Art & Crafts",579
"2018-05-16","Electronics",76
"2018-05-16","Games",202
"2018-05-16","Sports & Outdoors",225
"2018-05-16","Toys",320
"2018-05-17","Art & Crafts",586
"2018-05-17","Electronics",196
"2018-05-17","Games",272
"2018-05-17","Sports & Outdoors",159
"2018-05-17","Toys",484
"2018-05-18","Art & Crafts",769
"2018-05-18","Electronics",194
"2018-05-18","Games",360
"2018-05-18","Sports & Outdoors",376
"2018-05-18","Toys",673
"2018-05-19","Art & Crafts",1057
"2018-05-19","Electronics",167
"2018-05-19","Games",430
"2018-05-19","Sports & Outdoors",576
"2018-05-19","Toys",690
"2018-05-20","Art & Crafts",1151
"2018-05-20","Electronics",141
"2018-05-20","Games",340
"2018-05-20","Sports & Outdoors",715
"2018-05-20","Toys",965
"2018-05-21","Art & Crafts",575
"2018-05-21","Electronics",190
"2018-05-21","Games",210
"2018-05-21","Sports & Outdoors",167
"2018-05-21","Toys",324
"2018-05-22","Art & Crafts",600
"2018-05-22","Electronics",128
"2018-05-22","Games",184
"2018-05-22","Sports & Outdoors",220
"2018-05-22","Toys",290
"2018-05-23","Art & Crafts",733
"2018-05-23","Electronics",132
"2018-05-23","Games",224
"2018-05-23","Sports & Outdoors",372
"2018-05-23","Toys",300
"2018-05-24","Art & Crafts",710
"2018-05-24","Electronics",76
"2018-05-24","Games",165
"2018-05-24","Sports & Outdoors",281
"2018-05-24","Toys",377
"2018-05-25","Art & Crafts",990
"2018-05-25","Electronics",135
"2018-05-25","Games",247
"2018-05-25","Sports & Outdoors",286
"2018-05-25","Toys",748
"2018-05-26","Art & Crafts",1230
"2018-05-26","Electronics",108
"2018-05-26","Games",398
"2018-05-26","Sports & Outdoors",446
"2018-05-26","Toys",521
"2018-05-27","Art & Crafts",1030
"2018-05-27","Electronics",177
"2018-05-27","Games",523
"2018-05-27","Sports & Outdoors",459
"2018-05-27","Toys",832
"2018-05-28","Art & Crafts",585
"2018-05-28","Electronics",136
"2018-05-28","Games",270
"2018-05-28","Sports & Outdoors",209
"2018-05-28","Toys",314
"2018-05-29","Art & Crafts",523
"2018-05-29","Electronics",159
"2018-05-29","Games",197
"2018-05-29","Sports & Outdoors",149
"2018-05-29","Toys",368
"2018-05-30","Art & Crafts",568
"2018-05-30","Electronics",154
"2018-05-30","Games",266
"2018-05-30","Sports & Outdoors",131
"2018-05-30","Toys",442
"2018-05-31","Art & Crafts",628
"2018-05-31","Electronics",165
"2018-05-31","Games",331
"2018-05-31","Sports & Outdoors",253
"2018-05-31","Toys",378
"2018-06-01","Art & Crafts",858
"2018-06-01","Electronics",134
"2018-06-01","Games",343
"2018-06-01","Sports & Outdoors",328
"2018-06-01","Toys",579
"2018-06-02","Art & Crafts",1337
"2018-06-02","Electronics",172
"2018-06-02","Games",377
"2018-06-02","Sports & Outdoors",651
"2018-06-02","Toys",621
"2018-06-03","Art & Crafts",1064
"2018-06-03","Electronics",156
"2018-06-03","Games",440
"2018-06-03","Sports & Outdoors",635
"2018-06-03","Toys",930
"2018-06-04","Art & Crafts",432
"2018-06-04","Electronics",206
"2018-06-04","Games",214
"2018-06-04","Sports & Outdoors",179
"2018-06-04","Toys",499
"2018-06-05","Art & Crafts",639
"2018-06-05","Electronics",76
"2018-06-05","Games",268
"2018-06-05","Sports & Outdoors",102
"2018-06-05","Toys",420
"2018-06-06","Art & Crafts",616
"2018-06-06","Electronics",70
"2018-06-06","Games",270
"2018-06-06","Sports & Outdoors",220
"2018-06-06","Toys",365
"2018-06-07","Art & Crafts",503
"2018-06-07","Electronics",111
"2018-06-07","Games",206
"2018-06-07","Sports & Outdoors",157
"2018-06-07","Toys",447
"2018-06-08","Art & Crafts",829
"2018-06-08","Electronics",148
"2018-06-08","Games",215
"2018-06-08","Sports & Outdoors",467
"2018-06-08","Toys",558
"2018-06-09","Art & Crafts",797
"2018-06-09","Electronics",134
"2018-06-09","Games",419
"2018-06-09","Sports & Outdoors",570
"2018-06-09","Toys",651
"2018-06-10","Art & Crafts",974
"2018-06-10","Electronics",177
"2018-06-10","Games",440
"2018-06-10","Sports & Outdoors",342
"2018-06-10","Toys",583
"2018-06-11","Art & Crafts",555
"2018-06-11","Electronics",207
"2018-06-11","Games",182
"2018-06-11","Sports & Outdoors",223
"2018-06-11","Toys",323
"2018-06-12","Art & Crafts",524
"2018-06-12","Electronics",168
"2018-06-12","Games",229
"2018-06-12","Sports & Outdoors",257
"2018-06-12","Toys",307
"2018-06-13","Art & Crafts",662
"2018-06-13","Electronics",133
"2018-06-13","Games",227
"2018-06-13","Sports & Outdoors",142
"2018-06-13","Toys",474
"2018-06-14","Art & Crafts",791
"2018-06-14","Electronics",252
"2018-06-14","Games",308
"2018-06-14","Sports & Outdoors",307
"2018-06-14","Toys",487
"2018-06-15","Art & Crafts",1104
"2018-06-15","Electronics",252
"2018-06-15","Games",339
"2018-06-15","Sports & Outdoors",347
"2018-06-15","Toys",568
"2018-06-16","Art & Crafts",1179
"2018-06-16","Electronics",110
"2018-06-16","Games",439
"2018-06-16","Sports & Outdoors",470
"2018-06-16","Toys",783
"2018-06-17","Art & Crafts",1288
"2018-06-17","Electronics",125
"2018-06-17","Games",568
"2018-06-17","Sports & Outdoors",422
"2018-06-17","Toys",885
"2018-06-18","Art & Crafts",679
"2018-06-18","Electronics",161
"2018-06-18","Games",237
"2018-06-18","Sports & Outdoors",220
"2018-06-18","Toys",479
"2018-06-19","Art & Crafts",645
"2018-06-19","Electronics",200
"2018-06-19","Games",145
"2018-06-19","Sports & Outdoors",130
"2018-06-19","Toys",236
"2018-06-20","Art & Crafts",536
"2018-06-20","Electronics",164
"2018-06-20","Games",139
"2018-06-20","Sports & Outdoors",301
"2018-06-20","Toys",547
"2018-06-21","Art & Crafts",926
"2018-06-21","Electronics",263
"2018-06-21","Games",116
"2018-06-21","Sports & Outdoors",263
"2018-06-21","Toys",383
"2018-06-22","Art & Crafts",845
"2018-06-22","Electronics",147
"2018-06-22","Games",237
"2018-06-22","Sports & Outdoors",253
"2018-06-22","Toys",500
"2018-06-23","Art & Crafts",813
"2018-06-23","Electronics",157
"2018-06-23","Games",490
"2018-06-23","Sports & Outdoors",621
"2018-06-23","Toys",723
"2018-06-24","Art & Crafts",1112
"2018-06-24","Electronics",109
"2018-06-24","Games",433
"2018-06-24","Sports & Outdoors",681
"2018-06-24","Toys",734
"2018-06-25","Art & Crafts",764
"2018-06-25","Electronics",144
"2018-06-25","Games",170
"2018-06-25","Sports & Outdoors",341
"2018-06-25","Toys",512
"2018-06-26","Art & Crafts",488
"2018-06-26","Electronics",160
"2018-06-26","Games",220
"2018-06-26","Sports & Outdoors",329
"2018-06-26","Toys",374
"2018-06-27","Art & Crafts",601
"2018-06-27","Electronics",83
"2018-06-27","Games",208
"2018-06-27","Sports & Outdoors",320
"2018-06-27","Toys",530
"2018-06-28","Art & Crafts",625
"2018-06-28","Electronics",156
"2018-06-28","Games",216
"2018-06-28","Sports & Outdoors",370
"2018-06-28","Toys",549
"2018-06-29","Art & Crafts",743
"2018-06-29","Electronics",107
"2018-06-29","Games",252
"2018-06-29","Sports & Outdoors",494
"2018-06-29","Toys",430
"2018-06-30","Art & Crafts",805
"2018-06-30","Electronics",284
"2018-06-30","Games",370
"2018-06-30","Sports & Outdoors",585
"2018-06-30","Toys",854
"2018-07-01","Art & Crafts",1023
"2018-07-01","Electronics",226
"2018-07-01","Games",347
"2018-07-01","Sports & Outdoors",645
"2018-07-01","Toys",593
"2018-07-02","Art & Crafts",822
"2018-07-02","Electronics",168
"2018-07-02","Games",205
"2018-07-02","Sports & Outdoors",185
"2018-07-02","Toys",440
"2018-07-03","Art & Crafts",663
"2018-07-03","Electronics",191
"2018-07-03","Games",268
"2018-07-03","Sports & Outdoors",191
"2018-07-03","Toys",401
"2018-07-04","Art & Crafts",611
"2018-07-04","Electronics",111
"2018-07-04","Games",279
"2018-07-04","Sports & Outdoors",322
"2018-07-04","Toys",407
"2018-07-05","Art & Crafts",795
"2018-07-05","Electronics",187
"2018-07-05","Games",246
"2018-07-05","Sports & Outdoors",234
"2018-07-05","Toys",402
"2018-07-06","Art & Crafts",822
"2018-07-06","Electronics",172
"2018-07-06","Games",228
"2018-07-06","Sports & Outdoors",303
"2018-07-06","Toys",576
"2018-07-07","Art & Crafts",847
"2018-07-07","Electronics",177
"2018-07-07","Games",352
"2018-07-07","Sports & Outdoors",525
"2018-07-07","Toys",776
"2018-07-08","Art & Crafts",707
"2018-07-08","Electronics",181
"2018-07-08","Games",396
"2018-07-08","Sports & Outdoors",563
"2018-07-08","Toys",642
"2018-07-09","Art & Crafts",859
"2018-07-09","Electronics",126
"2018-07-09","Games",176
"2018-07-09","Sports & Outdoors",238
"2018-07-09","Toys",630
"2018-07-10","Art & Crafts",510
"2018-07-10","Electronics",211
"2018-07-10","Games",261
"2018-07-10","Sports & Outdoors",101
"2018-07-10","Toys",348
"2018-07-11","Art & Crafts",562
"2018-07-11","Electronics",205
"2018-07-11","Games",254
"2018-07-11","Sports & Outdoors",191
"2018-07-11","Toys",437
"2018-07-12","Art & Crafts",606
"2018-07-12","Electronics",175
"2018-07-12","Games",241
"2018-07-12","Sports & Outdoors",307
"2018-07-12","Toys",604
"2018-07-13","Art & Crafts",873
"2018-07-13","Electronics",147
"2018-07-13","Games",321
"2018-07-13","Sports & Outdoors",367
"2018-07-13","Toys",495
"2018-07-14","Art & Crafts",813
"2018-07-14","Electronics",201
"2018-07-14","Games",380
"2018-07-14","Sports & Outdoors",489
"2018-07-14","Toys",678
"2018-07-15","Art & Crafts",1022
"2018-07-15","Electronics",124
"2018-07-15","Games",455
"2018-07-15","Sports & Outdoors",514
"2018-07-15","Toys",752
"2018-07-16","Art & Crafts",567
"2018-07-16","Electronics",161
"2018-07-16","Games",288
"2018-07-16","Sports & Outdoors",399
"2018-07-16","Toys",386
"2018-07-17","Art & Crafts",609
"2018-07-17","Electronics",98
"2018-07-17","Games",307
"2018-07-17","Sports & Outdoors",234
"2018-07-17","Toys",343
"2018-07-18","Art & Crafts",394
"2018-07-18","Electronics",186
"2018-07-18","Games",254
"2018-07-18","Sports & Outdoors",215
"2018-07-18","Toys",573
"2018-07-19","Art & Crafts",675
"2018-07-19","Electronics",52
"2018-07-19","Games",166
"2018-07-19","Sports & Outdoors",251
"2018-07-19","Toys",434
"2018-07-20","Art & Crafts",788
"2018-07-20","Electronics",197
"2018-07-20","Games",281
"2018-07-20","Sports & Outdoors",386
"2018-07-20","Toys",843
"2018-07-21","Art & Crafts",723
"2018-07-21","Electronics",111
"2018-07-21","Games",357
"2018-07-21","Sports & Outdoors",477
"2018-07-21","Toys",406
"2018-07-22","Art & Crafts",1225
"2018-07-22","Electronics",198
"2018-07-22","Games",341
"2018-07-22","Sports & Outdoors",520
"2018-07-22","Toys",526
"2018-07-23","Art & Crafts",624
"2018-07-23","Electronics",197
"2018-07-23","Games",357
"2018-07-23","Sports & Outdoors",324
"2018-07-23","Toys",389
"2018-07-24","Art & Crafts",570
"2018-07-24","Electronics",134
"2018-07-24","Games",214
"2018-07-24","Sports & Outdoors",163
"2018-07-24","Toys",310
"2018-07-25","Art & Crafts",604
"2018-07-25","Electronics",109
"2018-07-25","Games",272
"2018-07-25","Sports & Outdoors",208
"2018-07-25","Toys",334
"2018-07-26","Art & Crafts",478
"2018-07-26","Electronics",107
"2018-07-26","Games",289
"2018-07-26","Sports & Outdoors",406
"2018-07-26","Toys",446
"2018-07-27","Art & Crafts",694
"2018-07-27","Electronics",165
"2018-07-27","Games",244
"2018-07-27","Sports & Outdoors",158
"2018-07-27","Toys",575
"2018-07-28","Art & Crafts",886
"2018-07-28","Electronics",133
"2018-07-28","Games",587
"2018-07-28","Sports & Outdoors",444
"2018-07-28","Toys",737
"2018-07-29","Art & Crafts",821
"2018-07-29","Electronics",161
"2018-07-29","Games",532
"2018-07-29","Sports & Outdoors",512
"2018-07-29","Toys",754
"2018-07-30","Art & Crafts",644
"2018-07-30","Electronics",207
"2018-07-30","Games",198
"2018-07-30","Sports & Outdoors",231
"2018-07-30","Toys",430
"2018-07-31","Art & Crafts",665
"2018-07-31","Electronics",267
"2018-07-31","Games",346
"2018-07-31","Sports & Outdoors",280
"2018-07-31","Toys",535
"2018-08-01","Art & Crafts",434
"2018-08-01","Electronics",140
"2018-08-01","Games",224
"2018-08-01","Sports & Outdoors",266
"2018-08-01","Toys",474
"2018-08-02","Art & Crafts",413
"2018-08-02","Electronics",166
"2018-08-02","Games",229
"2018-08-02","Sports & Outdoors",229
"2018-08-02","Toys",428
"2018-08-03","Art & Crafts",605
"2018-08-03","Electronics",131
"2018-08-03","Games",286
"2018-08-03","Sports & Outdoors",363
"2018-08-03","Toys",530
"2018-08-04","Art & Crafts",800
"2018-08-04","Electronics",107
"2018-08-04","Games",370
"2018-08-04","Sports & Outdoors",467
"2018-08-04","Toys",442
"2018-08-05","Art & Crafts",711
"2018-08-05","Electronics",172
"2018-08-05","Games",508
"2018-08-05","Sports & Outdoors",382
"2018-08-05","Toys",551
"2018-08-06","Art & Crafts",436
"2018-08-06","Electronics",171
"2018-08-06","Games",181
"2018-08-06","Sports & Outdoors",229
"2018-08-06","Toys",504
"2018-08-07","Art & Crafts",451
"2018-08-07","Electronics",228
"2018-08-07","Games",201
"2018-08-07","Sports & Outdoors",247
"2018-08-07","Toys",269
"2018-08-08","Art & Crafts",682
"2018-08-08","Electronics",156
"2018-08-08","Games",184
"2018-08-08","Sports & Outdoors",179
"2018-08-08","Toys",357
"2018-08-09","Art & Crafts",520
"2018-08-09","Electronics",132
"2018-08-09","Games",190
"2018-08-09","Sports & Outdoors",230
"2018-08-09","Toys",405
"2018-08-10","Art & Crafts",411
"2018-08-10","Electronics",158
"2018-08-10","Games",182
"2018-08-10","Sports & Outdoors",312
"2018-08-10","Toys",591
"2018-08-11","Art & Crafts",721
"2018-08-11","Electronics",207
"2018-08-11","Games",369
"2018-08-11","Sports & Outdoors",297
"2018-08-11","Toys",521
"2018-08-12","Art & Crafts",847
"2018-08-12","Electronics",118
"2018-08-12","Games",442
"2018-08-12","Sports & Outdoors",404
"2018-08-12","Toys",659
"2018-08-13","Art & Crafts",336
"2018-08-13","Electronics",165
"2018-08-13","Games",216
"2018-08-13","Sports & Outdoors",99
"2018-08-13","Toys",455
"2018-08-14","Art & Crafts",528
"2018-08-14","Electronics",139
"2018-08-14","Games",185
"2018-08-14","Sports & Outdoors",198
"2018-08-14","Toys",394
"2018-08-15","Art & Crafts",558
"2018-08-15","Electronics",157
"2018-08-15","Games",121
"2018-08-15","Sports & Outdoors",117
"2018-08-15","Toys",423
"2018-08-16","Art & Crafts",729
"2018-08-16","Electronics",196
"2018-08-16","Games",181
"2018-08-16","Sports & Outdoors",139
"2018-08-16","Toys",403
"2018-08-17","Art & Crafts",583
"2018-08-17","Electronics",188
"2018-08-17","Games",344
"2018-08-17","Sports & Outdoors",299
"2018-08-17","Toys",438
"2018-08-18","Art & Crafts",679
"2018-08-18","Electronics",138
"2018-08-18","Games",343
"2018-08-18","Sports & Outdoors",553
"2018-08-18","Toys",564
"2018-08-19","Art & Crafts",712
"2018-08-19","Electronics",133
"2018-08-19","Games",475
"2018-08-19","Sports & Outdoors",352
"2018-08-19","Toys",553
"2018-08-20","Art & Crafts",409
"2018-08-20","Electronics",81
"2018-08-20","Games",132
"2018-08-20","Sports & Outdoors",92
"2018-08-20","Toys",345
"2018-08-21","Art & Crafts",447
"2018-08-21","Electronics",129
"2018-08-21","Games",149
"2018-08-21","Sports & Outdoors",144
"2018-08-21","Toys",218
"2018-08-22","Art & Crafts",532
"2018-08-22","Electronics",197
"2018-08-22","Games",128
"2018-08-22","Sports & Outdoors",141
"2018-08-22","Toys",325
"2018-08-23","Art & Crafts",515
"2018-08-23","Electronics",114
"2018-08-23","Games",145
"2018-08-23","Sports & Outdoors",112
"2018-08-23","Toys",386
"2018-08-24","Art & Crafts",411
"2018-08-24","Electronics",138
"2018-08-24","Games",313
"2018-08-24","Sports & Outdoors",119
"2018-08-24","Toys",288
"2018-08-25","Art & Crafts",833
"2018-08-25","Electronics",205
"2018-08-25","Games",421
"2018-08-25","Sports & Outdoors",500
"2018-08-25","Toys",571
"2018-08-26","Art & Crafts",823
"2018-08-26","Electronics",146
"2018-08-26","Games",298
"2018-08-26","Sports & Outdoors",401
"2018-08-26","Toys",546
"2018-08-27","Art & Crafts",453
"2018-08-27","Electronics",224
"2018-08-27","Games",129
"2018-08-27","Sports & Outdoors",128
"2018-08-27","Toys",227
"2018-08-28","Art & Crafts",351
"2018-08-28","Electronics",134
"2018-08-28","Games",155
"2018-08-28","Sports & Outdoors",181
"2018-08-28","Toys",189
"2018-08-29","Art & Crafts",453
"2018-08-29","Electronics",116
"2018-08-29","Games",209
"2018-08-29","Sports & Outdoors",123
"2018-08-29","Toys",256
"2018-08-30","Art & Crafts",575
"2018-08-30","Electronics",146
"2018-08-30","Games",161
"2018-08-30","Sports & Outdoors",188
"2018-08-30","Toys",337
"2018-08-31","Art & Crafts",879
"2018-08-31","Electronics",180
"2018-08-31","Games",183
"2018-08-31","Sports & Outdoors",250
"2018-08-31","Toys",500
"2018-09-01","Art & Crafts",982
"2018-09-01","Electronics",245
"2018-09-01","Games",394
"2018-09-01","Sports & Outdoors",526
"2018-09-01","Toys",549
"2018-09-02","Art & Crafts",800
"2018-09-02","Electronics",187
"2018-09-02","Games",550
"2018-09-02","Sports & Outdoors",421
"2018-09-02","Toys",649
"2018-09-03","Art & Crafts",554
"2018-09-03","Electronics",83
"2018-09-03","Games",70
"2018-09-03","Sports & Outdoors",108
"2018-09-03","Toys",275
"2018-09-04","Art & Crafts",457
"2018-09-04","Electronics",137
"2018-09-04","Games",121
"2018-09-04","Sports & Outdoors",100
"2018-09-04","Toys",379
"2018-09-05","Art & Crafts",465
"2018-09-05","Electronics",98
"2018-09-05","Games",98
"2018-09-05","Sports & Outdoors",107
"2018-09-05","Toys",253
"2018-09-06","Art & Crafts",349
"2018-09-06","Electronics",88
"2018-09-06","Games",215
"2018-09-06","Sports & Outdoors",137
"2018-09-06","Toys",339
"2018-09-07","Art & Crafts",567
"2018-09-07","Electronics",162
"2018-09-07","Games",185
"2018-09-07","Sports & Outdoors",215
"2018-09-07","Toys",414
"2018-09-08","Art & Crafts",847
"2018-09-08","Electronics",114
"2018-09-08","Games",221
"2018-09-08","Sports & Outdoors",502
"2018-09-08","Toys",607
"2018-09-09","Art & Crafts",1123
"2018-09-09","Electronics",197
"2018-09-09","Games",283
"2018-09-09","Sports & Outdoors",364
"2018-09-09","Toys",503
"2018-09-10","Art & Crafts",405
"2018-09-10","Electronics",157
"2018-09-10","Games",121
"2018-09-10","Sports & Outdoors",116
"2018-09-10","Toys",222
"2018-09-11","Art & Crafts",460
"2018-09-11","Electronics",130
"2018-09-11","Games",164
"2018-09-11","Sports & Outdoors",149
"2018-09-11","Toys",257
"2018-09-12","Art & Crafts",521
"2018-09-12","Electronics",151
"2018-09-12","Games",101
"2018-09-12","Sports & Outdoors",176
"2018-09-12","Toys",305
"2018-09-13","Art & Crafts",585
"2018-09-13","Electronics",95
"2018-09-13","Games",226
"2018-09-13","Sports & Outdoors",153
"2018-09-13","Toys",161
"2018-09-14","Art & Crafts",794
"2018-09-14","Electronics",136
"2018-09-14","Games",155
"2018-09-14","Sports & Outdoors",237
"2018-09-14","Toys",378
"2018-09-15","Art & Crafts",870
"2018-09-15","Electronics",192
"2018-09-15","Games",275
"2018-09-15","Sports & Outdoors",720
"2018-09-15","Toys",519
"2018-09-16","Art & Crafts",1202
"2018-09-16","Electronics",102
"2018-09-16","Games",306
"2018-09-16","Sports & Outdoors",493
"2018-09-16","Toys",611
"2018-09-17","Art & Crafts",533
"2018-09-17","Electronics",163
"2018-09-17","Games",224
"2018-09-17","Sports & Outdoors",124
"2018-09-17","Toys",231
"2018-09-18","Art & Crafts",418
"2018-09-18","Electronics",94
"2018-09-18","Games",161
"2018-09-18","Sports & Outdoors",160
"2018-09-18","Toys",330
"2018-09-19","Art & Crafts",493
"2018-09-19","Electronics",96
"2018-09-19","Games",187
"2018-09-19","Sports & Outdoors",184
"2018-09-19","Toys",327
"2018-09-20","Art & Crafts",525
"2018-09-20","Electronics",143
"2018-09-20","Games",158
"2018-09-20","Sports & Outdoors",142
"2018-09-20","Toys",431
"2018-09-21","Art & Crafts",974
"2018-09-21","Electronics",122
"2018-09-21","Games",229
"2018-09-21","Sports & Outdoors",195
"2018-09-21","Toys",464
"2018-09-22","Art & Crafts",1104
"2018-09-22","Electronics",179
"2018-09-22","Games",239
"2018-09-22","Sports & Outdoors",512
"2018-09-22","Toys",468
"2018-09-23","Art & Crafts",1011
"2018-09-23","Electronics",119
"2018-09-23","Games",440
"2018-09-23","Sports & Outdoors",354
"2018-09-23","Toys",570
"2018-09-24","Art & Crafts",342
"2018-09-24","Electronics",80
"2018-09-24","Games",114
"2018-09-24","Sports & Outdoors",123
"2018-09-24","Toys",329
"2018-09-25","Art & Crafts",516
"2018-09-25","Electronics",68
"2018-09-25","Games",105
"2018-09-25","Sports & Outdoors",186
"2018-09-25","Toys",289
"2018-09-26","Art & Crafts",518
"2018-09-26","Electronics",110
"2018-09-26","Games",95
"2018-09-26","Sports & Outdoors",106
"2018-09-26","Toys",322
"2018-09-27","Art & Crafts",718
"2018-09-27","Electronics",92
"2018-09-27","Games",75
"2018-09-27","Sports & Outdoors",186
"2018-09-27","Toys",325
"2018-09-28","Art & Crafts",1057
"2018-09-28","Electronics",226
"2018-09-28","Games",168
"2018-09-28","Sports & Outdoors",252
"2018-09-28","Toys",604
"2018-09-29","Art & Crafts",1149
"2018-09-29","Electronics",188
"2018-09-29","Games",310
"2018-09-29","Sports & Outdoors",582
"2018-09-29","Toys",561
"2018-09-30","Art & Crafts",897
"2018-09-30","Electronics",128
"2018-09-30","Games",321
"2018-09-30","Sports & Outdoors",616
"2018-09-30","Toys",605
